Date,Content,Video title,Video publish time,Duration,Engaged views
2025-09-21,1z_EMObUZMc,The Tiny Green Padlock That Locked Me Down,"Aug 7, 2026",29,0
2025-09-22,1z_EMObUZMc,The Tiny Green Padlock That Locked Me Down,"Aug 7, 2026",29,0
2025-09-23,1z_EMObUZMc,The Tiny Green Padlock That Locked Me Down,"Aug 7, 2026",29,0
2025-09-24,1z_EMObUZMc,The Tiny Green Padlock That Locked Me Down,"Aug 7, 2026",29,0
2025-09-25,1z_EMObUZMc,The Tiny Green Padlock That Locked Me Down,"Aug 7, 2026",29,0
2025-09-26,1z_EMObUZMc,The Tiny Green Padlock That Locked Me Down,"Aug 7, 2026",29,0
2025-09-27,1z_EMObUZMc,The Tiny Green Padlock That Locked Me Down,"Aug 7, 2026",29,0
2025-09-28,1z_EMObUZMc,The Tiny Green Padlock That Locked Me Down,"Aug 7, 2026",29,0
2025-09-29,1z_EMObUZMc,The Tiny Green Padlock That Locked Me Down,"Aug 7, 2026",29,0
2025-09-30,1z_EMObUZMc,The Tiny Green Padlock That Locked Me Down,"Aug 7, 2026",29,0
2025-10-01,1z_EMObUZMc,The Tiny Green Padlock That Locked Me Down,"Aug 7, 2026",29,0
2025-10-02,1z_EMObUZMc,The Tiny Green Padlock That Locked Me Down,"Aug 7, 2026",29,0
2025-10-03,1z_EMObUZMc,The Tiny Green Padlock That Locked Me Down,"Aug 7, 2026",29,0
2025-10-04,1z_EMObUZMc,The Tiny Green Padlock That Locked Me Down,"Aug 7, 2026",29,0
2025-10-05,1z_EMObUZMc,The Tiny Green Padlock That Locked Me Down,"Aug 7, 2026",29,0
2025-10-06,1z_EMObUZMc,The Tiny Green Padlock That Locked Me Down,"Aug 7, 2026",29,0
2025-10-07,1z_EMObUZMc,The Tiny Green Padlock That Locked Me Down,"Aug 7, 2026",29,0
2025-10-08,1z_EMObUZMc,The Tiny Green Padlock That Locked Me Down,"Aug 7, 2026",29,0
2025-10-09,1z_EMObUZMc,The Tiny Green Padlock That Locked Me Down,"Aug 7, 2026",29,0
2025-10-10,1z_EMObUZMc,The Tiny Green Padlock That Locked Me Down,"Aug 7, 2026",29,0
2025-10-11,1z_EMObUZMc,The Tiny Green Padlock That Locked Me Down,"Aug 7, 2026",29,0
2025-10-12,1z_EMObUZMc,The Tiny Green Padlock That Locked Me Down,"Aug 7, 2026",29,0
2025-10-13,1z_EMObUZMc,The Tiny Green Padlock That Locked Me Down,"Aug 7, 2026",29,0
2025-10-14,1z_EMObUZMc,The Tiny Green Padlock That Locked Me Down,"Aug 7, 2026",29,0
2025-10-15,1z_EMObUZMc,The Tiny Green Padlock That Locked Me Down,"Aug 7, 2026",29,0
2025-10-16,1z_EMObUZMc,The Tiny Green Padlock That Locked Me Down,"Aug 7, 2026",29,0
2025-10-17,1z_EMObUZMc,The Tiny Green Padlock That Locked Me Down,"Aug 7, 2026",29,0
2025-10-18,1z_EMObUZMc,The Tiny Green Padlock That Locked Me Down,"Aug 7, 2026",29,0
2025-10-19,1z_EMObUZMc,The Tiny Green Padlock That Locked Me Down,"Aug 7, 2026",29,0
2025-10-20,1z_EMObUZMc,The Tiny Green Padlock That Locked Me Down,"Aug 7, 2026",29,0
2025-10-21,1z_EMObUZMc,The Tiny Green Padlock That Locked Me Down,"Aug 7, 2026",29,0
2025-10-22,1z_EMObUZMc,The Tiny Green Padlock That Locked Me Down,"Aug 7, 2026",29,0
2025-10-23,1z_EMObUZMc,The Tiny Green Padlock That Locked Me Down,"Aug 7, 2026",29,0
2025-10-24,1z_EMObUZMc,The Tiny Green Padlock That Locked Me Down,"Aug 7, 2026",29,0
2025-10-25,1z_EMObUZMc,The Tiny Green Padlock That Locked Me Down,"Aug 7, 2026",29,0
2025-10-26,1z_EMObUZMc,The Tiny Green Padlock That Locked Me Down,"Aug 7, 2026",29,0
2025-10-27,1z_EMObUZMc,The Tiny Green Padlock That Locked Me Down,"Aug 7, 2026",29,0
2025-10-28,1z_EMObUZMc,The Tiny Green Padlock That Locked Me Down,"Aug 7, 2026",29,0
2025-10-29,1z_EMObUZMc,The Tiny Green Padlock That Locked Me Down,"Aug 7, 2026",29,0
2025-10-30,1z_EMObUZMc,The Tiny Green Padlock That Locked Me Down,"Aug 7, 2026",29,0
2025-10-31,1z_EMObUZMc,The Tiny Green Padlock That Locked Me Down,"Aug 7, 2026",29,0
2025-11-01,1z_EMObUZMc,The Tiny Green Padlock That Locked Me Down,"Aug 7, 2026",29,0
2025-11-02,1z_EMObUZMc,The Tiny Green Padlock That Locked Me Down,"Aug 7, 2026",29,0
2025-11-03,1z_EMObUZMc,The Tiny Green Padlock That Locked Me Down,"Aug 7, 2026",29,0
2025-11-04,1z_EMObUZMc,The Tiny Green Padlock That Locked Me Down,"Aug 7, 2026",29,0
2025-11-05,1z_EMObUZMc,The Tiny Green Padlock That Locked Me Down,"Aug 7, 2026",29,0
2025-11-06,1z_EMObUZMc,The Tiny Green Padlock That Locked Me Down,"Aug 7, 2026",29,0
2025-11-07,1z_EMObUZMc,The Tiny Green Padlock That Locked Me Down,"Aug 7, 2026",29,0
2025-11-08,1z_EMObUZMc,The Tiny Green Padlock That Locked Me Down,"Aug 7, 2026",29,0
2025-11-09,1z_EMObUZMc,The Tiny Green Padlock That Locked Me Down,"Aug 7, 2026",29,0
2025-11-10,1z_EMObUZMc,The Tiny Green Padlock That Locked Me Down,"Aug 7, 2026",29,0
2025-11-11,1z_EMObUZMc,The Tiny Green Padlock That Locked Me Down,"Aug 7, 2026",29,0
2025-11-12,1z_EMObUZMc,The Tiny Green Padlock That Locked Me Down,"Aug 7, 2026",29,0
2025-11-13,1z_EMObUZMc,The Tiny Green Padlock That Locked Me Down,"Aug 7, 2026",29,0
2025-11-14,1z_EMObUZMc,The Tiny Green Padlock That Locked Me Down,"Aug 7, 2026",29,0
2025-11-15,1z_EMObUZMc,The Tiny Green Padlock That Locked Me Down,"Aug 7, 2026",29,0
2025-11-16,1z_EMObUZMc,The Tiny Green Padlock That Locked Me Down,"Aug 7, 2026",29,0
2025-11-17,1z_EMObUZMc,The Tiny Green Padlock That Locked Me Down,"Aug 7, 2026",29,0
2025-11-18,1z_EMObUZMc,The Tiny Green Padlock That Locked Me Down,"Aug 7, 2026",29,0
2025-11-19,1z_EMObUZMc,The Tiny Green Padlock That Locked Me Down,"Aug 7, 2026",29,0
2025-11-20,1z_EMObUZMc,The Tiny Green Padlock That Locked Me Down,"Aug 7, 2026",29,0
2025-11-21,1z_EMObUZMc,The Tiny Green Padlock That Locked Me Down,"Aug 7, 2026",29,0
2025-11-22,1z_EMObUZMc,The Tiny Green Padlock That Locked Me Down,"Aug 7, 2026",29,0
2025-11-23,1z_EMObUZMc,The Tiny Green Padlock That Locked Me Down,"Aug 7, 2026",29,0
2025-11-24,1z_EMObUZMc,The Tiny Green Padlock That Locked Me Down,"Aug 7, 2026",29,0
2025-11-25,1z_EMObUZMc,The Tiny Green Padlock That Locked Me Down,"Aug 7, 2026",29,0
2025-11-26,1z_EMObUZMc,The Tiny Green Padlock That Locked Me Down,"Aug 7, 2026",29,0
2025-11-27,1z_EMObUZMc,The Tiny Green Padlock That Locked Me Down,"Aug 7, 2026",29,0
2025-11-28,1z_EMObUZMc,The Tiny Green Padlock That Locked Me Down,"Aug 7, 2026",29,0
2025-11-29,1z_EMObUZMc,The Tiny Green Padlock That Locked Me Down,"Aug 7, 2026",29,0
2025-11-30,1z_EMObUZMc,The Tiny Green Padlock That Locked Me Down,"Aug 7, 2026",29,0
2025-12-01,1z_EMObUZMc,The Tiny Green Padlock That Locked Me Down,"Aug 7, 2026",29,0
2025-12-02,1z_EMObUZMc,The Tiny Green Padlock That Locked Me Down,"Aug 7, 2026",29,0
2025-12-03,1z_EMObUZMc,The Tiny Green Padlock That Locked Me Down,"Aug 7, 2026",29,0
2025-12-04,1z_EMObUZMc,The Tiny Green Padlock That Locked Me Down,"Aug 7, 2026",29,0
2025-12-05,1z_EMObUZMc,The Tiny Green Padlock That Locked Me Down,"Aug 7, 2026",29,0
2025-12-06,1z_EMObUZMc,The Tiny Green Padlock That Locked Me Down,"Aug 7, 2026",29,0
2025-12-07,1z_EMObUZMc,The Tiny Green Padlock That Locked Me Down,"Aug 7, 2026",29,0
2025-12-08,1z_EMObUZMc,The Tiny Green Padlock That Locked Me Down,"Aug 7, 2026",29,0
2025-12-09,1z_EMObUZMc,The Tiny Green Padlock That Locked Me Down,"Aug 7, 2026",29,0
2025-12-10,1z_EMObUZMc,The Tiny Green Padlock That Locked Me Down,"Aug 7, 2026",29,0
2025-12-11,1z_EMObUZMc,The Tiny Green Padlock That Locked Me Down,"Aug 7, 2026",29,0
2025-12-12,1z_EMObUZMc,The Tiny Green Padlock That Locked Me Down,"Aug 7, 2026",29,0
2025-12-13,1z_EMObUZMc,The Tiny Green Padlock That Locked Me Down,"Aug 7, 2026",29,0
2025-12-14,1z_EMObUZMc,The Tiny Green Padlock That Locked Me Down,"Aug 7, 2026",29,0
2025-12-15,1z_EMObUZMc,The Tiny Green Padlock That Locked Me Down,"Aug 7, 2026",29,0
2025-12-16,1z_EMObUZMc,The Tiny Green Padlock That Locked Me Down,"Aug 7, 2026",29,0
2025-12-17,1z_EMObUZMc,The Tiny Green Padlock That Locked Me Down,"Aug 7, 2026",29,0
2025-12-18,1z_EMObUZMc,The Tiny Green Padlock That Locked Me Down,"Aug 7, 2026",29,0
2025-12-19,1z_EMObUZMc,The Tiny Green Padlock That Locked Me Down,"Aug 7, 2026",29,0
2025-12-20,1z_EMObUZMc,The Tiny Green Padlock That Locked Me Down,"Aug 7, 2026",29,0
2025-12-21,1z_EMObUZMc,The Tiny Green Padlock That Locked Me Down,"Aug 7, 2026",29,0
2025-12-22,1z_EMObUZMc,The Tiny Green Padlock That Locked Me Down,"Aug 7, 2026",29,0
2025-12-23,1z_EMObUZMc,The Tiny Green Padlock That Locked Me Down,"Aug 7, 2026",29,0
2025-12-24,1z_EMObUZMc,The Tiny Green Padlock That Locked Me Down,"Aug 7, 2026",29,0
2025-12-25,1z_EMObUZMc,The Tiny Green Padlock That Locked Me Down,"Aug 7, 2026",29,0
2025-12-26,1z_EMObUZMc,The Tiny Green Padlock That Locked Me Down,"Aug 7, 2026",29,0
2025-12-27,1z_EMObUZMc,The Tiny Green Padlock That Locked Me Down,"Aug 7, 2026",29,0
2025-12-28,1z_EMObUZMc,The Tiny Green Padlock That Locked Me Down,"Aug 7, 2026",29,0
2025-12-29,1z_EMObUZMc,The Tiny Green Padlock That Locked Me Down,"Aug 7, 2026",29,0
2025-12-30,1z_EMObUZMc,The Tiny Green Padlock That Locked Me Down,"Aug 7, 2026",29,0
2025-12-31,1z_EMObUZMc,The Tiny Green Padlock That Locked Me Down,"Aug 7, 2026",29,0
2026-01-01,1z_EMObUZMc,The Tiny Green Padlock That Locked Me Down,"Aug 7, 2026",29,0
2026-01-02,1z_EMObUZMc,The Tiny Green Padlock That Locked Me Down,"Aug 7, 2026",29,0
2026-01-03,1z_EMObUZMc,The Tiny Green Padlock That Locked Me Down,"Aug 7, 2026",29,0
2026-01-04,1z_EMObUZMc,The Tiny Green Padlock That Locked Me Down,"Aug 7, 2026",29,0
2026-01-05,1z_EMObUZMc,The Tiny Green Padlock That Locked Me Down,"Aug 7, 2026",29,0
2026-01-06,1z_EMObUZMc,The Tiny Green Padlock That Locked Me Down,"Aug 7, 2026",29,0
2026-01-07,1z_EMObUZMc,The Tiny Green Padlock That Locked Me Down,"Aug 7, 2026",29,0
2026-01-08,1z_EMObUZMc,The Tiny Green Padlock That Locked Me Down,"Aug 7, 2026",29,0
2026-01-09,1z_EMObUZMc,The Tiny Green Padlock That Locked Me Down,"Aug 7, 2026",29,0
2026-01-10,1z_EMObUZMc,The Tiny Green Padlock That Locked Me Down,"Aug 7, 2026",29,0
2026-01-11,1z_EMObUZMc,The Tiny Green Padlock That Locked Me Down,"Aug 7, 2026",29,0
2026-01-12,1z_EMObUZMc,The Tiny Green Padlock That Locked Me Down,"Aug 7, 2026",29,0
2026-01-13,1z_EMObUZMc,The Tiny Green Padlock That Locked Me Down,"Aug 7, 2026",29,0
2026-01-14,1z_EMObUZMc,The Tiny Green Padlock That Locked Me Down,"Aug 7, 2026",29,0
2026-01-15,1z_EMObUZMc,The Tiny Green Padlock That Locked Me Down,"Aug 7, 2026",29,0
2026-01-16,1z_EMObUZMc,The Tiny Green Padlock That Locked Me Down,"Aug 7, 2026",29,0
2026-01-17,1z_EMObUZMc,The Tiny Green Padlock That Locked Me Down,"Aug 7, 2026",29,0
2026-01-18,1z_EMObUZMc,The Tiny Green Padlock That Locked Me Down,"Aug 7, 2026",29,0
2026-01-19,1z_EMObUZMc,The Tiny Green Padlock That Locked Me Down,"Aug 7, 2026",29,0
2026-01-20,1z_EMObUZMc,The Tiny Green Padlock That Locked Me Down,"Aug 7, 2026",29,0
2026-01-21,1z_EMObUZMc,The Tiny Green Padlock That Locked Me Down,"Aug 7, 2026",29,0
2026-01-22,1z_EMObUZMc,The Tiny Green Padlock That Locked Me Down,"Aug 7, 2026",29,0
2026-01-23,1z_EMObUZMc,The Tiny Green Padlock That Locked Me Down,"Aug 7, 2026",29,0
2026-01-24,1z_EMObUZMc,The Tiny Green Padlock That Locked Me Down,"Aug 7, 2026",29,0
2026-01-25,1z_EMObUZMc,The Tiny Green Padlock That Locked Me Down,"Aug 7, 2026",29,0
2026-01-26,1z_EMObUZMc,The Tiny Green Padlock That Locked Me Down,"Aug 7, 2026",29,0
2026-01-27,1z_EMObUZMc,The Tiny Green Padlock That Locked Me Down,"Aug 7, 2026",29,0
2026-01-28,1z_EMObUZMc,The Tiny Green Padlock That Locked Me Down,"Aug 7, 2026",29,0
2026-01-29,1z_EMObUZMc,The Tiny Green Padlock That Locked Me Down,"Aug 7, 2026",29,0
2026-01-30,1z_EMObUZMc,The Tiny Green Padlock That Locked Me Down,"Aug 7, 2026",29,0
2026-01-31,1z_EMObUZMc,The Tiny Green Padlock That Locked Me Down,"Aug 7, 2026",29,0
2026-02-01,1z_EMObUZMc,The Tiny Green Padlock That Locked Me Down,"Aug 7, 2026",29,0
2026-02-02,1z_EMObUZMc,The Tiny Green Padlock That Locked Me Down,"Aug 7, 2026",29,0
2026-02-03,1z_EMObUZMc,The Tiny Green Padlock That Locked Me Down,"Aug 7, 2026",29,0
2026-02-04,1z_EMObUZMc,The Tiny Green Padlock That Locked Me Down,"Aug 7, 2026",29,0
2026-02-05,1z_EMObUZMc,The Tiny Green Padlock That Locked Me Down,"Aug 7, 2026",29,0
2026-02-06,1z_EMObUZMc,The Tiny Green Padlock That Locked Me Down,"Aug 7, 2026",29,0
2026-02-07,1z_EMObUZMc,The Tiny Green Padlock That Locked Me Down,"Aug 7, 2026",29,0
2026-02-08,1z_EMObUZMc,The Tiny Green Padlock That Locked Me Down,"Aug 7, 2026",29,0
2026-02-09,1z_EMObUZMc,The Tiny Green Padlock That Locked Me Down,"Aug 7, 2026",29,0
2026-02-10,1z_EMObUZMc,The Tiny Green Padlock That Locked Me Down,"Aug 7, 2026",29,0
2026-02-11,1z_EMObUZMc,The Tiny Green Padlock That Locked Me Down,"Aug 7, 2026",29,0
2026-02-12,1z_EMObUZMc,The Tiny Green Padlock That Locked Me Down,"Aug 7, 2026",29,0
2026-02-13,1z_EMObUZMc,The Tiny Green Padlock That Locked Me Down,"Aug 7, 2026",29,0
2026-02-14,1z_EMObUZMc,The Tiny Green Padlock That Locked Me Down,"Aug 7, 2026",29,0
2026-02-15,1z_EMObUZMc,The Tiny Green Padlock That Locked Me Down,"Aug 7, 2026",29,0
2026-02-16,1z_EMObUZMc,The Tiny Green Padlock That Locked Me Down,"Aug 7, 2026",29,0
2026-02-17,1z_EMObUZMc,The Tiny Green Padlock That Locked Me Down,"Aug 7, 2026",29,0
2026-02-18,1z_EMObUZMc,The Tiny Green Padlock That Locked Me Down,"Aug 7, 2026",29,0
2026-02-19,1z_EMObUZMc,The Tiny Green Padlock That Locked Me Down,"Aug 7, 2026",29,0
2026-02-20,1z_EMObUZMc,The Tiny Green Padlock That Locked Me Down,"Aug 7, 2026",29,0
2026-02-21,1z_EMObUZMc,The Tiny Green Padlock That Locked Me Down,"Aug 7, 2026",29,0
2026-02-22,1z_EMObUZMc,The Tiny Green Padlock That Locked Me Down,"Aug 7, 2026",29,0
2026-02-23,1z_EMObUZMc,The Tiny Green Padlock That Locked Me Down,"Aug 7, 2026",29,0
2026-02-24,1z_EMObUZMc,The Tiny Green Padlock That Locked Me Down,"Aug 7, 2026",29,0
2026-02-25,1z_EMObUZMc,The Tiny Green Padlock That Locked Me Down,"Aug 7, 2026",29,0
2026-02-26,1z_EMObUZMc,The Tiny Green Padlock That Locked Me Down,"Aug 7, 2026",29,0
2026-02-27,1z_EMObUZMc,The Tiny Green Padlock That Locked Me Down,"Aug 7, 2026",29,0
2026-02-28,1z_EMObUZMc,The Tiny Green Padlock That Locked Me Down,"Aug 7, 2026",29,0
2026-03-01,1z_EMObUZMc,The Tiny Green Padlock That Locked Me Down,"Aug 7, 2026",29,0
2026-03-02,1z_EMObUZMc,The Tiny Green Padlock That Locked Me Down,"Aug 7, 2026",29,0
2026-03-03,1z_EMObUZMc,The Tiny Green Padlock That Locked Me Down,"Aug 7, 2026",29,0
2026-03-04,1z_EMObUZMc,The Tiny Green Padlock That Locked Me Down,"Aug 7, 2026",29,0
2026-03-05,1z_EMObUZMc,The Tiny Green Padlock That Locked Me Down,"Aug 7, 2026",29,0
2026-03-06,1z_EMObUZMc,The Tiny Green Padlock That Locked Me Down,"Aug 7, 2026",29,0
2026-03-07,1z_EMObUZMc,The Tiny Green Padlock That Locked Me Down,"Aug 7, 2026",29,0
2026-03-08,1z_EMObUZMc,The Tiny Green Padlock That Locked Me Down,"Aug 7, 2026",29,0
2026-03-09,1z_EMObUZMc,The Tiny Green Padlock That Locked Me Down,"Aug 7, 2026",29,0
2026-03-10,1z_EMObUZMc,The Tiny Green Padlock That Locked Me Down,"Aug 7, 2026",29,0
2026-03-11,1z_EMObUZMc,The Tiny Green Padlock That Locked Me Down,"Aug 7, 2026",29,0
2026-03-12,1z_EMObUZMc,The Tiny Green Padlock That Locked Me Down,"Aug 7, 2026",29,0
2026-03-13,1z_EMObUZMc,The Tiny Green Padlock That Locked Me Down,"Aug 7, 2026",29,0
2026-03-14,1z_EMObUZMc,The Tiny Green Padlock That Locked Me Down,"Aug 7, 2026",29,0
2026-03-15,1z_EMObUZMc,The Tiny Green Padlock That Locked Me Down,"Aug 7, 2026",29,0
2026-03-16,1z_EMObUZMc,The Tiny Green Padlock That Locked Me Down,"Aug 7, 2026",29,0
2026-03-17,1z_EMObUZMc,The Tiny Green Padlock That Locked Me Down,"Aug 7, 2026",29,0
2026-03-18,1z_EMObUZMc,The Tiny Green Padlock That Locked Me Down,"Aug 7, 2026",29,0
2026-03-19,1z_EMObUZMc,The Tiny Green Padlock That Locked Me Down,"Aug 7, 2026",29,0
2026-03-20,1z_EMObUZMc,The Tiny Green Padlock That Locked Me Down,"Aug 7, 2026",29,0
2026-03-21,1z_EMObUZMc,The Tiny Green Padlock That Locked Me Down,"Aug 7, 2026",29,0
2026-03-22,1z_EMObUZMc,The Tiny Green Padlock That Locked Me Down,"Aug 7, 2026",29,0
2026-03-23,1z_EMObUZMc,The Tiny Green Padlock That Locked Me Down,"Aug 7, 2026",29,0
2026-03-24,1z_EMObUZMc,The Tiny Green Padlock That Locked Me Down,"Aug 7, 2026",29,0
2026-03-25,1z_EMObUZMc,The Tiny Green Padlock That Locked Me Down,"Aug 7, 2026",29,0
2026-03-26,1z_EMObUZMc,The Tiny Green Padlock That Locked Me Down,"Aug 7, 2026",29,0
2026-03-27,1z_EMObUZMc,The Tiny Green Padlock That Locked Me Down,"Aug 7, 2026",29,0
2026-03-28,1z_EMObUZMc,The Tiny Green Padlock That Locked Me Down,"Aug 7, 2026",29,0
2026-03-29,1z_EMObUZMc,The Tiny Green Padlock That Locked Me Down,"Aug 7, 2026",29,0
2026-03-30,1z_EMObUZMc,The Tiny Green Padlock That Locked Me Down,"Aug 7, 2026",29,0
2026-03-31,1z_EMObUZMc,The Tiny Green Padlock That Locked Me Down,"Aug 7, 2026",29,0
2026-04-01,1z_EMObUZMc,The Tiny Green Padlock That Locked Me Down,"Aug 7, 2026",29,0
2026-04-02,1z_EMObUZMc,The Tiny Green Padlock That Locked Me Down,"Aug 7, 2026",29,0
2026-04-03,1z_EMObUZMc,The Tiny Green Padlock That Locked Me Down,"Aug 7, 2026",29,0
2026-04-04,1z_EMObUZMc,The Tiny Green Padlock That Locked Me Down,"Aug 7, 2026",29,0
2026-04-05,1z_EMObUZMc,The Tiny Green Padlock That Locked Me Down,"Aug 7, 2026",29,0
2026-04-06,1z_EMObUZMc,The Tiny Green Padlock That Locked Me Down,"Aug 7, 2026",29,0
2026-04-07,1z_EMObUZMc,The Tiny Green Padlock That Locked Me Down,"Aug 7, 2026",29,0
2026-04-08,1z_EMObUZMc,The Tiny Green Padlock That Locked Me Down,"Aug 7, 2026",29,0
2026-04-09,1z_EMObUZMc,The Tiny Green Padlock That Locked Me Down,"Aug 7, 2026",29,0
2026-04-10,1z_EMObUZMc,The Tiny Green Padlock That Locked Me Down,"Aug 7, 2026",29,0
2026-04-11,1z_EMObUZMc,The Tiny Green Padlock That Locked Me Down,"Aug 7, 2026",29,0
2026-04-12,1z_EMObUZMc,The Tiny Green Padlock That Locked Me Down,"Aug 7, 2026",29,0
2026-04-13,1z_EMObUZMc,The Tiny Green Padlock That Locked Me Down,"Aug 7, 2026",29,0
2026-04-14,1z_EMObUZMc,The Tiny Green Padlock That Locked Me Down,"Aug 7, 2026",29,0
2026-04-15,1z_EMObUZMc,The Tiny Green Padlock That Locked Me Down,"Aug 7, 2026",29,0
2026-04-16,1z_EMObUZMc,The Tiny Green Padlock That Locked Me Down,"Aug 7, 2026",29,0
2026-04-17,1z_EMObUZMc,The Tiny Green Padlock That Locked Me Down,"Aug 7, 2026",29,0
2026-04-18,1z_EMObUZMc,The Tiny Green Padlock That Locked Me Down,"Aug 7, 2026",29,0
2026-04-19,1z_EMObUZMc,The Tiny Green Padlock That Locked Me Down,"Aug 7, 2026",29,0
2026-04-20,1z_EMObUZMc,The Tiny Green Padlock That Locked Me Down,"Aug 7, 2026",29,0
2026-04-21,1z_EMObUZMc,The Tiny Green Padlock That Locked Me Down,"Aug 7, 2026",29,0
2026-04-22,1z_EMObUZMc,The Tiny Green Padlock That Locked Me Down,"Aug 7, 2026",29,0
2026-04-23,1z_EMObUZMc,The Tiny Green Padlock That Locked Me Down,"Aug 7, 2026",29,0
2026-04-24,1z_EMObUZMc,The Tiny Green Padlock That Locked Me Down,"Aug 7, 2026",29,0
2026-04-25,1z_EMObUZMc,The Tiny Green Padlock That Locked Me Down,"Aug 7, 2026",29,0
2026-04-26,1z_EMObUZMc,The Tiny Green Padlock That Locked Me Down,"Aug 7, 2026",29,0
2026-04-27,1z_EMObUZMc,The Tiny Green Padlock That Locked Me Down,"Aug 7, 2026",29,0
2026-04-28,1z_EMObUZMc,The Tiny Green Padlock That Locked Me Down,"Aug 7, 2026",29,0
2026-04-29,1z_EMObUZMc,The Tiny Green Padlock That Locked Me Down,"Aug 7, 2026",29,0
2026-04-30,1z_EMObUZMc,The Tiny Green Padlock That Locked Me Down,"Aug 7, 2026",29,0
2026-05-01,1z_EMObUZMc,The Tiny Green Padlock That Locked Me Down,"Aug 7, 2026",29,0
2026-05-02,1z_EMObUZMc,The Tiny Green Padlock That Locked Me Down,"Aug 7, 2026",29,0
2026-05-03,1z_EMObUZMc,The Tiny Green Padlock That Locked Me Down,"Aug 7, 2026",29,0
2026-05-04,1z_EMObUZMc,The Tiny Green Padlock That Locked Me Down,"Aug 7, 2026",29,0
2026-05-05,1z_EMObUZMc,The Tiny Green Padlock That Locked Me Down,"Aug 7, 2026",29,0
2026-05-06,1z_EMObUZMc,The Tiny Green Padlock That Locked Me Down,"Aug 7, 2026",29,0
2026-05-07,1z_EMObUZMc,The Tiny Green Padlock That Locked Me Down,"Aug 7, 2026",29,0
2026-05-08,1z_EMObUZMc,The Tiny Green Padlock That Locked Me Down,"Aug 7, 2026",29,0
2026-05-09,1z_EMObUZMc,The Tiny Green Padlock That Locked Me Down,"Aug 7, 2026",29,0
2026-05-10,1z_EMObUZMc,The Tiny Green Padlock That Locked Me Down,"Aug 7, 2026",29,0
2026-05-11,1z_EMObUZMc,The Tiny Green Padlock That Locked Me Down,"Aug 7, 2026",29,0
2026-05-12,1z_EMObUZMc,The Tiny Green Padlock That Locked Me Down,"Aug 7, 2026",29,0
2026-05-13,1z_EMObUZMc,The Tiny Green Padlock That Locked Me Down,"Aug 7, 2026",29,0
2026-05-14,1z_EMObUZMc,The Tiny Green Padlock That Locked Me Down,"Aug 7, 2026",29,0
2026-05-15,1z_EMObUZMc,The Tiny Green Padlock That Locked Me Down,"Aug 7, 2026",29,0
2026-05-16,1z_EMObUZMc,The Tiny Green Padlock That Locked Me Down,"Aug 7, 2026",29,0
2026-05-17,1z_EMObUZMc,The Tiny Green Padlock That Locked Me Down,"Aug 7, 2026",29,0
2026-05-18,1z_EMObUZMc,The Tiny Green Padlock That Locked Me Down,"Aug 7, 2026",29,0
2026-05-19,1z_EMObUZMc,The Tiny Green Padlock That Locked Me Down,"Aug 7, 2026",29,0
2026-05-20,1z_EMObUZMc,The Tiny Green Padlock That Locked Me Down,"Aug 7, 2026",29,0
2026-05-21,1z_EMObUZMc,The Tiny Green Padlock That Locked Me Down,"Aug 7, 2026",29,0
2026-05-22,1z_EMObUZMc,The Tiny Green Padlock That Locked Me Down,"Aug 7, 2026",29,0
2026-05-23,1z_EMObUZMc,The Tiny Green Padlock That Locked Me Down,"Aug 7, 2026",29,0
2026-05-24,1z_EMObUZMc,The Tiny Green Padlock That Locked Me Down,"Aug 7, 2026",29,0
2026-05-25,1z_EMObUZMc,The Tiny Green Padlock That Locked Me Down,"Aug 7, 2026",29,0
2026-05-26,1z_EMObUZMc,The Tiny Green Padlock That Locked Me Down,"Aug 7, 2026",29,0
2026-05-27,1z_EMObUZMc,The Tiny Green Padlock That Locked Me Down,"Aug 7, 2026",29,0
2026-05-28,1z_EMObUZMc,The Tiny Green Padlock That Locked Me Down,"Aug 7, 2026",29,0
2026-05-29,1z_EMObUZMc,The Tiny Green Padlock That Locked Me Down,"Aug 7, 2026",29,0
2026-05-30,1z_EMObUZMc,The Tiny Green Padlock That Locked Me Down,"Aug 7, 2026",29,0
2026-05-31,1z_EMObUZMc,The Tiny Green Padlock That Locked Me Down,"Aug 7, 2026",29,0
2026-06-01,1z_EMObUZMc,The Tiny Green Padlock That Locked Me Down,"Aug 7, 2026",29,0
2026-06-02,1z_EMObUZMc,The Tiny Green Padlock That Locked Me Down,"Aug 7, 2026",29,0
2026-06-03,1z_EMObUZMc,The Tiny Green Padlock That Locked Me Down,"Aug 7, 2026",29,0
2026-06-04,1z_EMObUZMc,The Tiny Green Padlock That Locked Me Down,"Aug 7, 2026",29,0
2026-06-05,1z_EMObUZMc,The Tiny Green Padlock That Locked Me Down,"Aug 7, 2026",29,0
2026-06-06,1z_EMObUZMc,The Tiny Green Padlock That Locked Me Down,"Aug 7, 2026",29,0
2026-06-07,1z_EMObUZMc,The Tiny Green Padlock That Locked Me Down,"Aug 7, 2026",29,0
2026-06-08,1z_EMObUZMc,The Tiny Green Padlock That Locked Me Down,"Aug 7, 2026",29,0
2026-06-09,1z_EMObUZMc,The Tiny Green Padlock That Locked Me Down,"Aug 7, 2026",29,0
2026-06-10,1z_EMObUZMc,The Tiny Green Padlock That Locked Me Down,"Aug 7, 2026",29,0
2026-06-11,1z_EMObUZMc,The Tiny Green Padlock That Locked Me Down,"Aug 7, 2026",29,0
2026-06-12,1z_EMObUZMc,The Tiny Green Padlock That Locked Me Down,"Aug 7, 2026",29,0
2026-06-13,1z_EMObUZMc,The Tiny Green Padlock That Locked Me Down,"Aug 7, 2026",29,0
2026-06-14,1z_EMObUZMc,The Tiny Green Padlock That Locked Me Down,"Aug 7, 2026",29,0
2026-06-15,1z_EMObUZMc,The Tiny Green Padlock That Locked Me Down,"Aug 7, 2026",29,0
2026-06-16,1z_EMObUZMc,The Tiny Green Padlock That Locked Me Down,"Aug 7, 2026",29,0
2026-06-17,1z_EMObUZMc,The Tiny Green Padlock That Locked Me Down,"Aug 7, 2026",29,0
2026-06-18,1z_EMObUZMc,The Tiny Green Padlock That Locked Me Down,"Aug 7, 2026",29,0
2026-06-19,1z_EMObUZMc,The Tiny Green Padlock That Locked Me Down,"Aug 7, 2026",29,0
2026-06-20,1z_EMObUZMc,The Tiny Green Padlock That Locked Me Down,"Aug 7, 2026",29,0
2026-06-21,1z_EMObUZMc,The Tiny Green Padlock That Locked Me Down,"Aug 7, 2026",29,0
2026-06-22,1z_EMObUZMc,The Tiny Green Padlock That Locked Me Down,"Aug 7, 2026",29,0
2026-06-23,1z_EMObUZMc,The Tiny Green Padlock That Locked Me Down,"Aug 7, 2026",29,0
2026-06-24,1z_EMObUZMc,The Tiny Green Padlock That Locked Me Down,"Aug 7, 2026",29,0
2026-06-25,1z_EMObUZMc,The Tiny Green Padlock That Locked Me Down,"Aug 7, 2026",29,0
2026-06-26,1z_EMObUZMc,The Tiny Green Padlock That Locked Me Down,"Aug 7, 2026",29,0
2026-06-27,1z_EMObUZMc,The Tiny Green Padlock That Locked Me Down,"Aug 7, 2026",29,0
2026-06-28,1z_EMObUZMc,The Tiny Green Padlock That Locked Me Down,"Aug 7, 2026",29,0
2026-06-29,1z_EMObUZMc,The Tiny Green Padlock That Locked Me Down,"Aug 7, 2026",29,0
2026-06-30,1z_EMObUZMc,The Tiny Green Padlock That Locked Me Down,"Aug 7, 2026",29,0
2026-07-01,1z_EMObUZMc,The Tiny Green Padlock That Locked Me Down,"Aug 7, 2026",29,0
2026-07-02,1z_EMObUZMc,The Tiny Green Padlock That Locked Me Down,"Aug 7, 2026",29,0
2026-07-03,1z_EMObUZMc,The Tiny Green Padlock That Locked Me Down,"Aug 7, 2026",29,0
2026-07-04,1z_EMObUZMc,The Tiny Green Padlock That Locked Me Down,"Aug 7, 2026",29,0
2026-07-05,1z_EMObUZMc,The Tiny Green Padlock That Locked Me Down,"Aug 7, 2026",29,0
2026-07-06,1z_EMObUZMc,The Tiny Green Padlock That Locked Me Down,"Aug 7, 2026",29,0
2026-07-07,1z_EMObUZMc,The Tiny Green Padlock That Locked Me Down,"Aug 7, 2026",29,0
2026-07-08,1z_EMObUZMc,The Tiny Green Padlock That Locked Me Down,"Aug 7, 2026",29,0
2026-07-09,1z_EMObUZMc,The Tiny Green Padlock That Locked Me Down,"Aug 7, 2026",29,0
2026-07-10,1z_EMObUZMc,The Tiny Green Padlock That Locked Me Down,"Aug 7, 2026",29,0
2026-07-11,1z_EMObUZMc,The Tiny Green Padlock That Locked Me Down,"Aug 7, 2026",29,0
2026-07-12,1z_EMObUZMc,The Tiny Green Padlock That Locked Me Down,"Aug 7, 2026",29,0
2026-07-13,1z_EMObUZMc,The Tiny Green Padlock That Locked Me Down,"Aug 7, 2026",29,0
2026-07-14,1z_EMObUZMc,The Tiny Green Padlock That Locked Me Down,"Aug 7, 2026",29,0
2026-07-15,1z_EMObUZMc,The Tiny Green Padlock That Locked Me Down,"Aug 7, 2026",29,0
2026-07-16,1z_EMObUZMc,The Tiny Green Padlock That Locked Me Down,"Aug 7, 2026",29,0
2026-07-17,1z_EMObUZMc,The Tiny Green Padlock That Locked Me Down,"Aug 7, 2026",29,0
2026-07-18,1z_EMObUZMc,The Tiny Green Padlock That Locked Me Down,"Aug 7, 2026",29,0
2026-07-19,1z_EMObUZMc,The Tiny Green Padlock That Locked Me Down,"Aug 7, 2026",29,0
2026-07-20,1z_EMObUZMc,The Tiny Green Padlock That Locked Me Down,"Aug 7, 2026",29,0
2026-07-21,1z_EMObUZMc,The Tiny Green Padlock That Locked Me Down,"Aug 7, 2026",29,0
2026-07-22,1z_EMObUZMc,The Tiny Green Padlock That Locked Me Down,"Aug 7, 2026",29,0
2026-07-23,1z_EMObUZMc,The Tiny Green Padlock That Locked Me Down,"Aug 7, 2026",29,0
2026-07-24,1z_EMObUZMc,The Tiny Green Padlock That Locked Me Down,"Aug 7, 2026",29,0
2026-07-25,1z_EMObUZMc,The Tiny Green Padlock That Locked Me Down,"Aug 7, 2026",29,0
2026-07-26,1z_EMObUZMc,The Tiny Green Padlock That Locked Me Down,"Aug 7, 2026",29,0
2026-07-27,1z_EMObUZMc,The Tiny Green Padlock That Locked Me Down,"Aug 7, 2026",29,0
2026-07-28,1z_EMObUZMc,The Tiny Green Padlock That Locked Me Down,"Aug 7, 2026",29,0
2026-07-29,1z_EMObUZMc,The Tiny Green Padlock That Locked Me Down,"Aug 7, 2026",29,0
2026-07-30,1z_EMObUZMc,The Tiny Green Padlock That Locked Me Down,"Aug 7, 2026",29,0
2026-07-31,1z_EMObUZMc,The Tiny Green Padlock That Locked Me Down,"Aug 7, 2026",29,0
2026-08-01,1z_EMObUZMc,The Tiny Green Padlock That Locked Me Down,"Aug 7, 2026",29,0
2026-08-02,1z_EMObUZMc,The Tiny Green Padlock That Locked Me Down,"Aug 7, 2026",29,0
2026-08-03,1z_EMObUZMc,The Tiny Green Padlock That Locked Me Down,"Aug 7, 2026",29,0
2026-08-04,1z_EMObUZMc,The Tiny Green Padlock That Locked Me Down,"Aug 7, 2026",29,0
2026-08-05,1z_EMObUZMc,The Tiny Green Padlock That Locked Me Down,"Aug 7, 2026",29,0
2026-08-06,1z_EMObUZMc,The Tiny Green Padlock That Locked Me Down,"Aug 7, 2026",29,0
2026-08-07,1z_EMObUZMc,The Tiny Green Padlock That Locked Me Down,"Aug 7, 2026",29,505
2026-08-08,1z_EMObUZMc,The Tiny Green Padlock That Locked Me Down,"Aug 7, 2026",29,1
2026-08-09,1z_EMObUZMc,The Tiny Green Padlock That Locked Me Down,"Aug 7, 2026",29,1
2026-08-10,1z_EMObUZMc,The Tiny Green Padlock That Locked Me Down,"Aug 7, 2026",29,0
2026-08-11,1z_EMObUZMc,The Tiny Green Padlock That Locked Me Down,"Aug 7, 2026",29,0
2026-08-12,1z_EMObUZMc,The Tiny Green Padlock That Locked Me Down,"Aug 7, 2026",29,0
2026-08-13,1z_EMObUZMc,The Tiny Green Padlock That Locked Me Down,"Aug 7, 2026",29,0
2026-08-14,1z_EMObUZMc,The Tiny Green Padlock That Locked Me Down,"Aug 7, 2026",29,0
2026-08-15,1z_EMObUZMc,The Tiny Green Padlock That Locked Me Down,"Aug 7, 2026",29,0
2026-08-16,1z_EMObUZMc,The Tiny Green Padlock That Locked Me Down,"Aug 7, 2026",29,0
2026-08-17,1z_EMObUZMc,The Tiny Green Padlock That Locked Me Down,"Aug 7, 2026",29,0
2026-08-18,1z_EMObUZMc,The Tiny Green Padlock That Locked Me Down,"Aug 7, 2026",29,0
2026-08-19,1z_EMObUZMc,The Tiny Green Padlock That Locked Me Down,"Aug 7, 2026",29,0
2026-08-20,1z_EMObUZMc,The Tiny Green Padlock That Locked Me Down,"Aug 7, 2026",29,0
2026-08-21,1z_EMObUZMc,The Tiny Green Padlock That Locked Me Down,"Aug 7, 2026",29,0
2026-08-22,1z_EMObUZMc,The Tiny Green Padlock That Locked Me Down,"Aug 7, 2026",29,0
2026-08-23,1z_EMObUZMc,The Tiny Green Padlock That Locked Me Down,"Aug 7, 2026",29,0
2026-08-24,1z_EMObUZMc,The Tiny Green Padlock That Locked Me Down,"Aug 7, 2026",29,0
2026-08-25,1z_EMObUZMc,The Tiny Green Padlock That Locked Me Down,"Aug 7, 2026",29,0
2026-08-26,1z_EMObUZMc,The Tiny Green Padlock That Locked Me Down,"Aug 7, 2026",29,0
2026-08-27,1z_EMObUZMc,The Tiny Green Padlock That Locked Me Down,"Aug 7, 2026",29,0
2026-08-28,1z_EMObUZMc,The Tiny Green Padlock That Locked Me Down,"Aug 7, 2026",29,0
2026-08-29,1z_EMObUZMc,The Tiny Green Padlock That Locked Me Down,"Aug 7, 2026",29,0
2026-08-30,1z_EMObUZMc,The Tiny Green Padlock That Locked Me Down,"Aug 7, 2026",29,0
2026-08-31,1z_EMObUZMc,The Tiny Green Padlock That Locked Me Down,"Aug 7, 2026",29,0
2026-09-01,1z_EMObUZMc,The Tiny Green Padlock That Locked Me Down,"Aug 7, 2026",29,0
2026-09-02,1z_EMObUZMc,The Tiny Green Padlock That Locked Me Down,"Aug 7, 2026",29,0
2026-09-03,1z_EMObUZMc,The Tiny Green Padlock That Locked Me Down,"Aug 7, 2026",29,0
2026-09-04,1z_EMObUZMc,The Tiny Green Padlock That Locked Me Down,"Aug 7, 2026",29,0
2026-09-05,1z_EMObUZMc,The Tiny Green Padlock That Locked Me Down,"Aug 7, 2026",29,0
2026-09-06,1z_EMObUZMc,The Tiny Green Padlock That Locked Me Down,"Aug 7, 2026",29,0
2026-09-07,1z_EMObUZMc,The Tiny Green Padlock That Locked Me Down,"Aug 7, 2026",29,0
2026-09-08,1z_EMObUZMc,The Tiny Green Padlock That Locked Me Down,"Aug 7, 2026",29,0
2026-09-09,1z_EMObUZMc,The Tiny Green Padlock That Locked Me Down,"Aug 7, 2026",29,0
2026-09-10,1z_EMObUZMc,The Tiny Green Padlock That Locked Me Down,"Aug 7, 2026",29,0
2026-09-11,1z_EMObUZMc,The Tiny Green Padlock That Locked Me Down,"Aug 7, 2026",29,0
2026-09-12,1z_EMObUZMc,The Tiny Green Padlock That Locked Me Down,"Aug 7, 2026",29,0
2026-09-13,1z_EMObUZMc,The Tiny Green Padlock That Locked Me Down,"Aug 7, 2026",29,0
2026-09-14,1z_EMObUZMc,The Tiny Green Padlock That Locked Me Down,"Aug 7, 2026",29,0
2026-09-15,1z_EMObUZMc,The Tiny Green Padlock That Locked Me Down,"Aug 7, 2026",29,0
2026-09-16,1z_EMObUZMc,The Tiny Green Padlock That Locked Me Down,"Aug 7, 2026",29,0
2026-09-17,1z_EMObUZMc,The Tiny Green Padlock That Locked Me Down,"Aug 7, 2026",29,0
2026-09-18,1z_EMObUZMc,The Tiny Green Padlock That Locked Me Down,"Aug 7, 2026",29,0
2026-09-19,1z_EMObUZMc,The Tiny Green Padlock That Locked Me Down,"Aug 7, 2026",29,0
2026-09-20,1z_EMObUZMc,The Tiny Green Padlock That Locked Me Down,"Aug 7, 2026",29,0
2025-09-21,7IJodFRAWBg,The Polaroid That Predicted My Future,"Aug 7, 2026",25,0
2025-09-22,7IJodFRAWBg,The Polaroid That Predicted My Future,"Aug 7, 2026",25,0
2025-09-23,7IJodFRAWBg,The Polaroid That Predicted My Future,"Aug 7, 2026",25,0
2025-09-24,7IJodFRAWBg,The Polaroid That Predicted My Future,"Aug 7, 2026",25,0
2025-09-25,7IJodFRAWBg,The Polaroid That Predicted My Future,"Aug 7, 2026",25,0
2025-09-26,7IJodFRAWBg,The Polaroid That Predicted My Future,"Aug 7, 2026",25,0
2025-09-27,7IJodFRAWBg,The Polaroid That Predicted My Future,"Aug 7, 2026",25,0
2025-09-28,7IJodFRAWBg,The Polaroid That Predicted My Future,"Aug 7, 2026",25,0
2025-09-29,7IJodFRAWBg,The Polaroid That Predicted My Future,"Aug 7, 2026",25,0
2025-09-30,7IJodFRAWBg,The Polaroid That Predicted My Future,"Aug 7, 2026",25,0
2025-10-01,7IJodFRAWBg,The Polaroid That Predicted My Future,"Aug 7, 2026",25,0
2025-10-02,7IJodFRAWBg,The Polaroid That Predicted My Future,"Aug 7, 2026",25,0
2025-10-03,7IJodFRAWBg,The Polaroid That Predicted My Future,"Aug 7, 2026",25,0
2025-10-04,7IJodFRAWBg,The Polaroid That Predicted My Future,"Aug 7, 2026",25,0
2025-10-05,7IJodFRAWBg,The Polaroid That Predicted My Future,"Aug 7, 2026",25,0
2025-10-06,7IJodFRAWBg,The Polaroid That Predicted My Future,"Aug 7, 2026",25,0
2025-10-07,7IJodFRAWBg,The Polaroid That Predicted My Future,"Aug 7, 2026",25,0
2025-10-08,7IJodFRAWBg,The Polaroid That Predicted My Future,"Aug 7, 2026",25,0
2025-10-09,7IJodFRAWBg,The Polaroid That Predicted My Future,"Aug 7, 2026",25,0
2025-10-10,7IJodFRAWBg,The Polaroid That Predicted My Future,"Aug 7, 2026",25,0
2025-10-11,7IJodFRAWBg,The Polaroid That Predicted My Future,"Aug 7, 2026",25,0
2025-10-12,7IJodFRAWBg,The Polaroid That Predicted My Future,"Aug 7, 2026",25,0
2025-10-13,7IJodFRAWBg,The Polaroid That Predicted My Future,"Aug 7, 2026",25,0
2025-10-14,7IJodFRAWBg,The Polaroid That Predicted My Future,"Aug 7, 2026",25,0
2025-10-15,7IJodFRAWBg,The Polaroid That Predicted My Future,"Aug 7, 2026",25,0
2025-10-16,7IJodFRAWBg,The Polaroid That Predicted My Future,"Aug 7, 2026",25,0
2025-10-17,7IJodFRAWBg,The Polaroid That Predicted My Future,"Aug 7, 2026",25,0
2025-10-18,7IJodFRAWBg,The Polaroid That Predicted My Future,"Aug 7, 2026",25,0
2025-10-19,7IJodFRAWBg,The Polaroid That Predicted My Future,"Aug 7, 2026",25,0
2025-10-20,7IJodFRAWBg,The Polaroid That Predicted My Future,"Aug 7, 2026",25,0
2025-10-21,7IJodFRAWBg,The Polaroid That Predicted My Future,"Aug 7, 2026",25,0
2025-10-22,7IJodFRAWBg,The Polaroid That Predicted My Future,"Aug 7, 2026",25,0
2025-10-23,7IJodFRAWBg,The Polaroid That Predicted My Future,"Aug 7, 2026",25,0
2025-10-24,7IJodFRAWBg,The Polaroid That Predicted My Future,"Aug 7, 2026",25,0
2025-10-25,7IJodFRAWBg,The Polaroid That Predicted My Future,"Aug 7, 2026",25,0
2025-10-26,7IJodFRAWBg,The Polaroid That Predicted My Future,"Aug 7, 2026",25,0
2025-10-27,7IJodFRAWBg,The Polaroid That Predicted My Future,"Aug 7, 2026",25,0
2025-10-28,7IJodFRAWBg,The Polaroid That Predicted My Future,"Aug 7, 2026",25,0
2025-10-29,7IJodFRAWBg,The Polaroid That Predicted My Future,"Aug 7, 2026",25,0
2025-10-30,7IJodFRAWBg,The Polaroid That Predicted My Future,"Aug 7, 2026",25,0
2025-10-31,7IJodFRAWBg,The Polaroid That Predicted My Future,"Aug 7, 2026",25,0
2025-11-01,7IJodFRAWBg,The Polaroid That Predicted My Future,"Aug 7, 2026",25,0
2025-11-02,7IJodFRAWBg,The Polaroid That Predicted My Future,"Aug 7, 2026",25,0
2025-11-03,7IJodFRAWBg,The Polaroid That Predicted My Future,"Aug 7, 2026",25,0
2025-11-04,7IJodFRAWBg,The Polaroid That Predicted My Future,"Aug 7, 2026",25,0
2025-11-05,7IJodFRAWBg,The Polaroid That Predicted My Future,"Aug 7, 2026",25,0
2025-11-06,7IJodFRAWBg,The Polaroid That Predicted My Future,"Aug 7, 2026",25,0
2025-11-07,7IJodFRAWBg,The Polaroid That Predicted My Future,"Aug 7, 2026",25,0
2025-11-08,7IJodFRAWBg,The Polaroid That Predicted My Future,"Aug 7, 2026",25,0
2025-11-09,7IJodFRAWBg,The Polaroid That Predicted My Future,"Aug 7, 2026",25,0
2025-11-10,7IJodFRAWBg,The Polaroid That Predicted My Future,"Aug 7, 2026",25,0
2025-11-11,7IJodFRAWBg,The Polaroid That Predicted My Future,"Aug 7, 2026",25,0
2025-11-12,7IJodFRAWBg,The Polaroid That Predicted My Future,"Aug 7, 2026",25,0
2025-11-13,7IJodFRAWBg,The Polaroid That Predicted My Future,"Aug 7, 2026",25,0
2025-11-14,7IJodFRAWBg,The Polaroid That Predicted My Future,"Aug 7, 2026",25,0
2025-11-15,7IJodFRAWBg,The Polaroid That Predicted My Future,"Aug 7, 2026",25,0
2025-11-16,7IJodFRAWBg,The Polaroid That Predicted My Future,"Aug 7, 2026",25,0
2025-11-17,7IJodFRAWBg,The Polaroid That Predicted My Future,"Aug 7, 2026",25,0
2025-11-18,7IJodFRAWBg,The Polaroid That Predicted My Future,"Aug 7, 2026",25,0
2025-11-19,7IJodFRAWBg,The Polaroid That Predicted My Future,"Aug 7, 2026",25,0
2025-11-20,7IJodFRAWBg,The Polaroid That Predicted My Future,"Aug 7, 2026",25,0
2025-11-21,7IJodFRAWBg,The Polaroid That Predicted My Future,"Aug 7, 2026",25,0
2025-11-22,7IJodFRAWBg,The Polaroid That Predicted My Future,"Aug 7, 2026",25,0
2025-11-23,7IJodFRAWBg,The Polaroid That Predicted My Future,"Aug 7, 2026",25,0
2025-11-24,7IJodFRAWBg,The Polaroid That Predicted My Future,"Aug 7, 2026",25,0
2025-11-25,7IJodFRAWBg,The Polaroid That Predicted My Future,"Aug 7, 2026",25,0
2025-11-26,7IJodFRAWBg,The Polaroid That Predicted My Future,"Aug 7, 2026",25,0
2025-11-27,7IJodFRAWBg,The Polaroid That Predicted My Future,"Aug 7, 2026",25,0
2025-11-28,7IJodFRAWBg,The Polaroid That Predicted My Future,"Aug 7, 2026",25,0
2025-11-29,7IJodFRAWBg,The Polaroid That Predicted My Future,"Aug 7, 2026",25,0
2025-11-30,7IJodFRAWBg,The Polaroid That Predicted My Future,"Aug 7, 2026",25,0
2025-12-01,7IJodFRAWBg,The Polaroid That Predicted My Future,"Aug 7, 2026",25,0
2025-12-02,7IJodFRAWBg,The Polaroid That Predicted My Future,"Aug 7, 2026",25,0
2025-12-03,7IJodFRAWBg,The Polaroid That Predicted My Future,"Aug 7, 2026",25,0
2025-12-04,7IJodFRAWBg,The Polaroid That Predicted My Future,"Aug 7, 2026",25,0
2025-12-05,7IJodFRAWBg,The Polaroid That Predicted My Future,"Aug 7, 2026",25,0
2025-12-06,7IJodFRAWBg,The Polaroid That Predicted My Future,"Aug 7, 2026",25,0
2025-12-07,7IJodFRAWBg,The Polaroid That Predicted My Future,"Aug 7, 2026",25,0
2025-12-08,7IJodFRAWBg,The Polaroid That Predicted My Future,"Aug 7, 2026",25,0
2025-12-09,7IJodFRAWBg,The Polaroid That Predicted My Future,"Aug 7, 2026",25,0
2025-12-10,7IJodFRAWBg,The Polaroid That Predicted My Future,"Aug 7, 2026",25,0
2025-12-11,7IJodFRAWBg,The Polaroid That Predicted My Future,"Aug 7, 2026",25,0
2025-12-12,7IJodFRAWBg,The Polaroid That Predicted My Future,"Aug 7, 2026",25,0
2025-12-13,7IJodFRAWBg,The Polaroid That Predicted My Future,"Aug 7, 2026",25,0
2025-12-14,7IJodFRAWBg,The Polaroid That Predicted My Future,"Aug 7, 2026",25,0
2025-12-15,7IJodFRAWBg,The Polaroid That Predicted My Future,"Aug 7, 2026",25,0
2025-12-16,7IJodFRAWBg,The Polaroid That Predicted My Future,"Aug 7, 2026",25,0
2025-12-17,7IJodFRAWBg,The Polaroid That Predicted My Future,"Aug 7, 2026",25,0
2025-12-18,7IJodFRAWBg,The Polaroid That Predicted My Future,"Aug 7, 2026",25,0
2025-12-19,7IJodFRAWBg,The Polaroid That Predicted My Future,"Aug 7, 2026",25,0
2025-12-20,7IJodFRAWBg,The Polaroid That Predicted My Future,"Aug 7, 2026",25,0
2025-12-21,7IJodFRAWBg,The Polaroid That Predicted My Future,"Aug 7, 2026",25,0
2025-12-22,7IJodFRAWBg,The Polaroid That Predicted My Future,"Aug 7, 2026",25,0
2025-12-23,7IJodFRAWBg,The Polaroid That Predicted My Future,"Aug 7, 2026",25,0
2025-12-24,7IJodFRAWBg,The Polaroid That Predicted My Future,"Aug 7, 2026",25,0
2025-12-25,7IJodFRAWBg,The Polaroid That Predicted My Future,"Aug 7, 2026",25,0
2025-12-26,7IJodFRAWBg,The Polaroid That Predicted My Future,"Aug 7, 2026",25,0
2025-12-27,7IJodFRAWBg,The Polaroid That Predicted My Future,"Aug 7, 2026",25,0
2025-12-28,7IJodFRAWBg,The Polaroid That Predicted My Future,"Aug 7, 2026",25,0
2025-12-29,7IJodFRAWBg,The Polaroid That Predicted My Future,"Aug 7, 2026",25,0
2025-12-30,7IJodFRAWBg,The Polaroid That Predicted My Future,"Aug 7, 2026",25,0
2025-12-31,7IJodFRAWBg,The Polaroid That Predicted My Future,"Aug 7, 2026",25,0
2026-01-01,7IJodFRAWBg,The Polaroid That Predicted My Future,"Aug 7, 2026",25,0
2026-01-02,7IJodFRAWBg,The Polaroid That Predicted My Future,"Aug 7, 2026",25,0
2026-01-03,7IJodFRAWBg,The Polaroid That Predicted My Future,"Aug 7, 2026",25,0
2026-01-04,7IJodFRAWBg,The Polaroid That Predicted My Future,"Aug 7, 2026",25,0
2026-01-05,7IJodFRAWBg,The Polaroid That Predicted My Future,"Aug 7, 2026",25,0
2026-01-06,7IJodFRAWBg,The Polaroid That Predicted My Future,"Aug 7, 2026",25,0
2026-01-07,7IJodFRAWBg,The Polaroid That Predicted My Future,"Aug 7, 2026",25,0
2026-01-08,7IJodFRAWBg,The Polaroid That Predicted My Future,"Aug 7, 2026",25,0
2026-01-09,7IJodFRAWBg,The Polaroid That Predicted My Future,"Aug 7, 2026",25,0
2026-01-10,7IJodFRAWBg,The Polaroid That Predicted My Future,"Aug 7, 2026",25,0
2026-01-11,7IJodFRAWBg,The Polaroid That Predicted My Future,"Aug 7, 2026",25,0
2026-01-12,7IJodFRAWBg,The Polaroid That Predicted My Future,"Aug 7, 2026",25,0
2026-01-13,7IJodFRAWBg,The Polaroid That Predicted My Future,"Aug 7, 2026",25,0
2026-01-14,7IJodFRAWBg,The Polaroid That Predicted My Future,"Aug 7, 2026",25,0
2026-01-15,7IJodFRAWBg,The Polaroid That Predicted My Future,"Aug 7, 2026",25,0
2026-01-16,7IJodFRAWBg,The Polaroid That Predicted My Future,"Aug 7, 2026",25,0
2026-01-17,7IJodFRAWBg,The Polaroid That Predicted My Future,"Aug 7, 2026",25,0
2026-01-18,7IJodFRAWBg,The Polaroid That Predicted My Future,"Aug 7, 2026",25,0
2026-01-19,7IJodFRAWBg,The Polaroid That Predicted My Future,"Aug 7, 2026",25,0
2026-01-20,7IJodFRAWBg,The Polaroid That Predicted My Future,"Aug 7, 2026",25,0
2026-01-21,7IJodFRAWBg,The Polaroid That Predicted My Future,"Aug 7, 2026",25,0
2026-01-22,7IJodFRAWBg,The Polaroid That Predicted My Future,"Aug 7, 2026",25,0
2026-01-23,7IJodFRAWBg,The Polaroid That Predicted My Future,"Aug 7, 2026",25,0
2026-01-24,7IJodFRAWBg,The Polaroid That Predicted My Future,"Aug 7, 2026",25,0
2026-01-25,7IJodFRAWBg,The Polaroid That Predicted My Future,"Aug 7, 2026",25,0
2026-01-26,7IJodFRAWBg,The Polaroid That Predicted My Future,"Aug 7, 2026",25,0
2026-01-27,7IJodFRAWBg,The Polaroid That Predicted My Future,"Aug 7, 2026",25,0
2026-01-28,7IJodFRAWBg,The Polaroid That Predicted My Future,"Aug 7, 2026",25,0
2026-01-29,7IJodFRAWBg,The Polaroid That Predicted My Future,"Aug 7, 2026",25,0
2026-01-30,7IJodFRAWBg,The Polaroid That Predicted My Future,"Aug 7, 2026",25,0
2026-01-31,7IJodFRAWBg,The Polaroid That Predicted My Future,"Aug 7, 2026",25,0
2026-02-01,7IJodFRAWBg,The Polaroid That Predicted My Future,"Aug 7, 2026",25,0
2026-02-02,7IJodFRAWBg,The Polaroid That Predicted My Future,"Aug 7, 2026",25,0
2026-02-03,7IJodFRAWBg,The Polaroid That Predicted My Future,"Aug 7, 2026",25,0
2026-02-04,7IJodFRAWBg,The Polaroid That Predicted My Future,"Aug 7, 2026",25,0
2026-02-05,7IJodFRAWBg,The Polaroid That Predicted My Future,"Aug 7, 2026",25,0
2026-02-06,7IJodFRAWBg,The Polaroid That Predicted My Future,"Aug 7, 2026",25,0
2026-02-07,7IJodFRAWBg,The Polaroid That Predicted My Future,"Aug 7, 2026",25,0
2026-02-08,7IJodFRAWBg,The Polaroid That Predicted My Future,"Aug 7, 2026",25,0
2026-02-09,7IJodFRAWBg,The Polaroid That Predicted My Future,"Aug 7, 2026",25,0
2026-02-10,7IJodFRAWBg,The Polaroid That Predicted My Future,"Aug 7, 2026",25,0
2026-02-11,7IJodFRAWBg,The Polaroid That Predicted My Future,"Aug 7, 2026",25,0
2026-02-12,7IJodFRAWBg,The Polaroid That Predicted My Future,"Aug 7, 2026",25,0
2026-02-13,7IJodFRAWBg,The Polaroid That Predicted My Future,"Aug 7, 2026",25,0
2026-02-14,7IJodFRAWBg,The Polaroid That Predicted My Future,"Aug 7, 2026",25,0
2026-02-15,7IJodFRAWBg,The Polaroid That Predicted My Future,"Aug 7, 2026",25,0
2026-02-16,7IJodFRAWBg,The Polaroid That Predicted My Future,"Aug 7, 2026",25,0
2026-02-17,7IJodFRAWBg,The Polaroid That Predicted My Future,"Aug 7, 2026",25,0
2026-02-18,7IJodFRAWBg,The Polaroid That Predicted My Future,"Aug 7, 2026",25,0
2026-02-19,7IJodFRAWBg,The Polaroid That Predicted My Future,"Aug 7, 2026",25,0
2026-02-20,7IJodFRAWBg,The Polaroid That Predicted My Future,"Aug 7, 2026",25,0
2026-02-21,7IJodFRAWBg,The Polaroid That Predicted My Future,"Aug 7, 2026",25,0
2026-02-22,7IJodFRAWBg,The Polaroid That Predicted My Future,"Aug 7, 2026",25,0
2026-02-23,7IJodFRAWBg,The Polaroid That Predicted My Future,"Aug 7, 2026",25,0
2026-02-24,7IJodFRAWBg,The Polaroid That Predicted My Future,"Aug 7, 2026",25,0
2026-02-25,7IJodFRAWBg,The Polaroid That Predicted My Future,"Aug 7, 2026",25,0
2026-02-26,7IJodFRAWBg,The Polaroid That Predicted My Future,"Aug 7, 2026",25,0
2026-02-27,7IJodFRAWBg,The Polaroid That Predicted My Future,"Aug 7, 2026",25,0
2026-02-28,7IJodFRAWBg,The Polaroid That Predicted My Future,"Aug 7, 2026",25,0
2026-03-01,7IJodFRAWBg,The Polaroid That Predicted My Future,"Aug 7, 2026",25,0
2026-03-02,7IJodFRAWBg,The Polaroid That Predicted My Future,"Aug 7, 2026",25,0
2026-03-03,7IJodFRAWBg,The Polaroid That Predicted My Future,"Aug 7, 2026",25,0
2026-03-04,7IJodFRAWBg,The Polaroid That Predicted My Future,"Aug 7, 2026",25,0
2026-03-05,7IJodFRAWBg,The Polaroid That Predicted My Future,"Aug 7, 2026",25,0
2026-03-06,7IJodFRAWBg,The Polaroid That Predicted My Future,"Aug 7, 2026",25,0
2026-03-07,7IJodFRAWBg,The Polaroid That Predicted My Future,"Aug 7, 2026",25,0
2026-03-08,7IJodFRAWBg,The Polaroid That Predicted My Future,"Aug 7, 2026",25,0
2026-03-09,7IJodFRAWBg,The Polaroid That Predicted My Future,"Aug 7, 2026",25,0
2026-03-10,7IJodFRAWBg,The Polaroid That Predicted My Future,"Aug 7, 2026",25,0
2026-03-11,7IJodFRAWBg,The Polaroid That Predicted My Future,"Aug 7, 2026",25,0
2026-03-12,7IJodFRAWBg,The Polaroid That Predicted My Future,"Aug 7, 2026",25,0
2026-03-13,7IJodFRAWBg,The Polaroid That Predicted My Future,"Aug 7, 2026",25,0
2026-03-14,7IJodFRAWBg,The Polaroid That Predicted My Future,"Aug 7, 2026",25,0
2026-03-15,7IJodFRAWBg,The Polaroid That Predicted My Future,"Aug 7, 2026",25,0
2026-03-16,7IJodFRAWBg,The Polaroid That Predicted My Future,"Aug 7, 2026",25,0
2026-03-17,7IJodFRAWBg,The Polaroid That Predicted My Future,"Aug 7, 2026",25,0
2026-03-18,7IJodFRAWBg,The Polaroid That Predicted My Future,"Aug 7, 2026",25,0
2026-03-19,7IJodFRAWBg,The Polaroid That Predicted My Future,"Aug 7, 2026",25,0
2026-03-20,7IJodFRAWBg,The Polaroid That Predicted My Future,"Aug 7, 2026",25,0
2026-03-21,7IJodFRAWBg,The Polaroid That Predicted My Future,"Aug 7, 2026",25,0
2026-03-22,7IJodFRAWBg,The Polaroid That Predicted My Future,"Aug 7, 2026",25,0
2026-03-23,7IJodFRAWBg,The Polaroid That Predicted My Future,"Aug 7, 2026",25,0
2026-03-24,7IJodFRAWBg,The Polaroid That Predicted My Future,"Aug 7, 2026",25,0
2026-03-25,7IJodFRAWBg,The Polaroid That Predicted My Future,"Aug 7, 2026",25,0
2026-03-26,7IJodFRAWBg,The Polaroid That Predicted My Future,"Aug 7, 2026",25,0
2026-03-27,7IJodFRAWBg,The Polaroid That Predicted My Future,"Aug 7, 2026",25,0
2026-03-28,7IJodFRAWBg,The Polaroid That Predicted My Future,"Aug 7, 2026",25,0
2026-03-29,7IJodFRAWBg,The Polaroid That Predicted My Future,"Aug 7, 2026",25,0
2026-03-30,7IJodFRAWBg,The Polaroid That Predicted My Future,"Aug 7, 2026",25,0
2026-03-31,7IJodFRAWBg,The Polaroid That Predicted My Future,"Aug 7, 2026",25,0
2026-04-01,7IJodFRAWBg,The Polaroid That Predicted My Future,"Aug 7, 2026",25,0
2026-04-02,7IJodFRAWBg,The Polaroid That Predicted My Future,"Aug 7, 2026",25,0
2026-04-03,7IJodFRAWBg,The Polaroid That Predicted My Future,"Aug 7, 2026",25,0
2026-04-04,7IJodFRAWBg,The Polaroid That Predicted My Future,"Aug 7, 2026",25,0
2026-04-05,7IJodFRAWBg,The Polaroid That Predicted My Future,"Aug 7, 2026",25,0
2026-04-06,7IJodFRAWBg,The Polaroid That Predicted My Future,"Aug 7, 2026",25,0
2026-04-07,7IJodFRAWBg,The Polaroid That Predicted My Future,"Aug 7, 2026",25,0
2026-04-08,7IJodFRAWBg,The Polaroid That Predicted My Future,"Aug 7, 2026",25,0
2026-04-09,7IJodFRAWBg,The Polaroid That Predicted My Future,"Aug 7, 2026",25,0
2026-04-10,7IJodFRAWBg,The Polaroid That Predicted My Future,"Aug 7, 2026",25,0
2026-04-11,7IJodFRAWBg,The Polaroid That Predicted My Future,"Aug 7, 2026",25,0
2026-04-12,7IJodFRAWBg,The Polaroid That Predicted My Future,"Aug 7, 2026",25,0
2026-04-13,7IJodFRAWBg,The Polaroid That Predicted My Future,"Aug 7, 2026",25,0
2026-04-14,7IJodFRAWBg,The Polaroid That Predicted My Future,"Aug 7, 2026",25,0
2026-04-15,7IJodFRAWBg,The Polaroid That Predicted My Future,"Aug 7, 2026",25,0
2026-04-16,7IJodFRAWBg,The Polaroid That Predicted My Future,"Aug 7, 2026",25,0
2026-04-17,7IJodFRAWBg,The Polaroid That Predicted My Future,"Aug 7, 2026",25,0
2026-04-18,7IJodFRAWBg,The Polaroid That Predicted My Future,"Aug 7, 2026",25,0
2026-04-19,7IJodFRAWBg,The Polaroid That Predicted My Future,"Aug 7, 2026",25,0
2026-04-20,7IJodFRAWBg,The Polaroid That Predicted My Future,"Aug 7, 2026",25,0
2026-04-21,7IJodFRAWBg,The Polaroid That Predicted My Future,"Aug 7, 2026",25,0
2026-04-22,7IJodFRAWBg,The Polaroid That Predicted My Future,"Aug 7, 2026",25,0
2026-04-23,7IJodFRAWBg,The Polaroid That Predicted My Future,"Aug 7, 2026",25,0
2026-04-24,7IJodFRAWBg,The Polaroid That Predicted My Future,"Aug 7, 2026",25,0
2026-04-25,7IJodFRAWBg,The Polaroid That Predicted My Future,"Aug 7, 2026",25,0
2026-04-26,7IJodFRAWBg,The Polaroid That Predicted My Future,"Aug 7, 2026",25,0
2026-04-27,7IJodFRAWBg,The Polaroid That Predicted My Future,"Aug 7, 2026",25,0
2026-04-28,7IJodFRAWBg,The Polaroid That Predicted My Future,"Aug 7, 2026",25,0
2026-04-29,7IJodFRAWBg,The Polaroid That Predicted My Future,"Aug 7, 2026",25,0
2026-04-30,7IJodFRAWBg,The Polaroid That Predicted My Future,"Aug 7, 2026",25,0
2026-05-01,7IJodFRAWBg,The Polaroid That Predicted My Future,"Aug 7, 2026",25,0
2026-05-02,7IJodFRAWBg,The Polaroid That Predicted My Future,"Aug 7, 2026",25,0
2026-05-03,7IJodFRAWBg,The Polaroid That Predicted My Future,"Aug 7, 2026",25,0
2026-05-04,7IJodFRAWBg,The Polaroid That Predicted My Future,"Aug 7, 2026",25,0
2026-05-05,7IJodFRAWBg,The Polaroid That Predicted My Future,"Aug 7, 2026",25,0
2026-05-06,7IJodFRAWBg,The Polaroid That Predicted My Future,"Aug 7, 2026",25,0
2026-05-07,7IJodFRAWBg,The Polaroid That Predicted My Future,"Aug 7, 2026",25,0
2026-05-08,7IJodFRAWBg,The Polaroid That Predicted My Future,"Aug 7, 2026",25,0
2026-05-09,7IJodFRAWBg,The Polaroid That Predicted My Future,"Aug 7, 2026",25,0
2026-05-10,7IJodFRAWBg,The Polaroid That Predicted My Future,"Aug 7, 2026",25,0
2026-05-11,7IJodFRAWBg,The Polaroid That Predicted My Future,"Aug 7, 2026",25,0
2026-05-12,7IJodFRAWBg,The Polaroid That Predicted My Future,"Aug 7, 2026",25,0
2026-05-13,7IJodFRAWBg,The Polaroid That Predicted My Future,"Aug 7, 2026",25,0
2026-05-14,7IJodFRAWBg,The Polaroid That Predicted My Future,"Aug 7, 2026",25,0
2026-05-15,7IJodFRAWBg,The Polaroid That Predicted My Future,"Aug 7, 2026",25,0
2026-05-16,7IJodFRAWBg,The Polaroid That Predicted My Future,"Aug 7, 2026",25,0
2026-05-17,7IJodFRAWBg,The Polaroid That Predicted My Future,"Aug 7, 2026",25,0
2026-05-18,7IJodFRAWBg,The Polaroid That Predicted My Future,"Aug 7, 2026",25,0
2026-05-19,7IJodFRAWBg,The Polaroid That Predicted My Future,"Aug 7, 2026",25,0
2026-05-20,7IJodFRAWBg,The Polaroid That Predicted My Future,"Aug 7, 2026",25,0
2026-05-21,7IJodFRAWBg,The Polaroid That Predicted My Future,"Aug 7, 2026",25,0
2026-05-22,7IJodFRAWBg,The Polaroid That Predicted My Future,"Aug 7, 2026",25,0
2026-05-23,7IJodFRAWBg,The Polaroid That Predicted My Future,"Aug 7, 2026",25,0
2026-05-24,7IJodFRAWBg,The Polaroid That Predicted My Future,"Aug 7, 2026",25,0
2026-05-25,7IJodFRAWBg,The Polaroid That Predicted My Future,"Aug 7, 2026",25,0
2026-05-26,7IJodFRAWBg,The Polaroid That Predicted My Future,"Aug 7, 2026",25,0
2026-05-27,7IJodFRAWBg,The Polaroid That Predicted My Future,"Aug 7, 2026",25,0
2026-05-28,7IJodFRAWBg,The Polaroid That Predicted My Future,"Aug 7, 2026",25,0
2026-05-29,7IJodFRAWBg,The Polaroid That Predicted My Future,"Aug 7, 2026",25,0
2026-05-30,7IJodFRAWBg,The Polaroid That Predicted My Future,"Aug 7, 2026",25,0
2026-05-31,7IJodFRAWBg,The Polaroid That Predicted My Future,"Aug 7, 2026",25,0
2026-06-01,7IJodFRAWBg,The Polaroid That Predicted My Future,"Aug 7, 2026",25,0
2026-06-02,7IJodFRAWBg,The Polaroid That Predicted My Future,"Aug 7, 2026",25,0
2026-06-03,7IJodFRAWBg,The Polaroid That Predicted My Future,"Aug 7, 2026",25,0
2026-06-04,7IJodFRAWBg,The Polaroid That Predicted My Future,"Aug 7, 2026",25,0
2026-06-05,7IJodFRAWBg,The Polaroid That Predicted My Future,"Aug 7, 2026",25,0
2026-06-06,7IJodFRAWBg,The Polaroid That Predicted My Future,"Aug 7, 2026",25,0
2026-06-07,7IJodFRAWBg,The Polaroid That Predicted My Future,"Aug 7, 2026",25,0
2026-06-08,7IJodFRAWBg,The Polaroid That Predicted My Future,"Aug 7, 2026",25,0
2026-06-09,7IJodFRAWBg,The Polaroid That Predicted My Future,"Aug 7, 2026",25,0
2026-06-10,7IJodFRAWBg,The Polaroid That Predicted My Future,"Aug 7, 2026",25,0
2026-06-11,7IJodFRAWBg,The Polaroid That Predicted My Future,"Aug 7, 2026",25,0
2026-06-12,7IJodFRAWBg,The Polaroid That Predicted My Future,"Aug 7, 2026",25,0
2026-06-13,7IJodFRAWBg,The Polaroid That Predicted My Future,"Aug 7, 2026",25,0
2026-06-14,7IJodFRAWBg,The Polaroid That Predicted My Future,"Aug 7, 2026",25,0
2026-06-15,7IJodFRAWBg,The Polaroid That Predicted My Future,"Aug 7, 2026",25,0
2026-06-16,7IJodFRAWBg,The Polaroid That Predicted My Future,"Aug 7, 2026",25,0
2026-06-17,7IJodFRAWBg,The Polaroid That Predicted My Future,"Aug 7, 2026",25,0
2026-06-18,7IJodFRAWBg,The Polaroid That Predicted My Future,"Aug 7, 2026",25,0
2026-06-19,7IJodFRAWBg,The Polaroid That Predicted My Future,"Aug 7, 2026",25,0
2026-06-20,7IJodFRAWBg,The Polaroid That Predicted My Future,"Aug 7, 2026",25,0
2026-06-21,7IJodFRAWBg,The Polaroid That Predicted My Future,"Aug 7, 2026",25,0
2026-06-22,7IJodFRAWBg,The Polaroid That Predicted My Future,"Aug 7, 2026",25,0
2026-06-23,7IJodFRAWBg,The Polaroid That Predicted My Future,"Aug 7, 2026",25,0
2026-06-24,7IJodFRAWBg,The Polaroid That Predicted My Future,"Aug 7, 2026",25,0
2026-06-25,7IJodFRAWBg,The Polaroid That Predicted My Future,"Aug 7, 2026",25,0
2026-06-26,7IJodFRAWBg,The Polaroid That Predicted My Future,"Aug 7, 2026",25,0
2026-06-27,7IJodFRAWBg,The Polaroid That Predicted My Future,"Aug 7, 2026",25,0
2026-06-28,7IJodFRAWBg,The Polaroid That Predicted My Future,"Aug 7, 2026",25,0
2026-06-29,7IJodFRAWBg,The Polaroid That Predicted My Future,"Aug 7, 2026",25,0
2026-06-30,7IJodFRAWBg,The Polaroid That Predicted My Future,"Aug 7, 2026",25,0
2026-07-01,7IJodFRAWBg,The Polaroid That Predicted My Future,"Aug 7, 2026",25,0
2026-07-02,7IJodFRAWBg,The Polaroid That Predicted My Future,"Aug 7, 2026",25,0
2026-07-03,7IJodFRAWBg,The Polaroid That Predicted My Future,"Aug 7, 2026",25,0
2026-07-04,7IJodFRAWBg,The Polaroid That Predicted My Future,"Aug 7, 2026",25,0
2026-07-05,7IJodFRAWBg,The Polaroid That Predicted My Future,"Aug 7, 2026",25,0
2026-07-06,7IJodFRAWBg,The Polaroid That Predicted My Future,"Aug 7, 2026",25,0
2026-07-07,7IJodFRAWBg,The Polaroid That Predicted My Future,"Aug 7, 2026",25,0
2026-07-08,7IJodFRAWBg,The Polaroid That Predicted My Future,"Aug 7, 2026",25,0
2026-07-09,7IJodFRAWBg,The Polaroid That Predicted My Future,"Aug 7, 2026",25,0
2026-07-10,7IJodFRAWBg,The Polaroid That Predicted My Future,"Aug 7, 2026",25,0
2026-07-11,7IJodFRAWBg,The Polaroid That Predicted My Future,"Aug 7, 2026",25,0
2026-07-12,7IJodFRAWBg,The Polaroid That Predicted My Future,"Aug 7, 2026",25,0
2026-07-13,7IJodFRAWBg,The Polaroid That Predicted My Future,"Aug 7, 2026",25,0
2026-07-14,7IJodFRAWBg,The Polaroid That Predicted My Future,"Aug 7, 2026",25,0
2026-07-15,7IJodFRAWBg,The Polaroid That Predicted My Future,"Aug 7, 2026",25,0
2026-07-16,7IJodFRAWBg,The Polaroid That Predicted My Future,"Aug 7, 2026",25,0
2026-07-17,7IJodFRAWBg,The Polaroid That Predicted My Future,"Aug 7, 2026",25,0
2026-07-18,7IJodFRAWBg,The Polaroid That Predicted My Future,"Aug 7, 2026",25,0
2026-07-19,7IJodFRAWBg,The Polaroid That Predicted My Future,"Aug 7, 2026",25,0
2026-07-20,7IJodFRAWBg,The Polaroid That Predicted My Future,"Aug 7, 2026",25,0
2026-07-21,7IJodFRAWBg,The Polaroid That Predicted My Future,"Aug 7, 2026",25,0
2026-07-22,7IJodFRAWBg,The Polaroid That Predicted My Future,"Aug 7, 2026",25,0
2026-07-23,7IJodFRAWBg,The Polaroid That Predicted My Future,"Aug 7, 2026",25,0
2026-07-24,7IJodFRAWBg,The Polaroid That Predicted My Future,"Aug 7, 2026",25,0
2026-07-25,7IJodFRAWBg,The Polaroid That Predicted My Future,"Aug 7, 2026",25,0
2026-07-26,7IJodFRAWBg,The Polaroid That Predicted My Future,"Aug 7, 2026",25,0
2026-07-27,7IJodFRAWBg,The Polaroid That Predicted My Future,"Aug 7, 2026",25,0
2026-07-28,7IJodFRAWBg,The Polaroid That Predicted My Future,"Aug 7, 2026",25,0
2026-07-29,7IJodFRAWBg,The Polaroid That Predicted My Future,"Aug 7, 2026",25,0
2026-07-30,7IJodFRAWBg,The Polaroid That Predicted My Future,"Aug 7, 2026",25,0
2026-07-31,7IJodFRAWBg,The Polaroid That Predicted My Future,"Aug 7, 2026",25,0
2026-08-01,7IJodFRAWBg,The Polaroid That Predicted My Future,"Aug 7, 2026",25,0
2026-08-02,7IJodFRAWBg,The Polaroid That Predicted My Future,"Aug 7, 2026",25,0
2026-08-03,7IJodFRAWBg,The Polaroid That Predicted My Future,"Aug 7, 2026",25,0
2026-08-04,7IJodFRAWBg,The Polaroid That Predicted My Future,"Aug 7, 2026",25,0
2026-08-05,7IJodFRAWBg,The Polaroid That Predicted My Future,"Aug 7, 2026",25,0
2026-08-06,7IJodFRAWBg,The Polaroid That Predicted My Future,"Aug 7, 2026",25,3
2026-08-07,7IJodFRAWBg,The Polaroid That Predicted My Future,"Aug 7, 2026",25,529
2026-08-08,7IJodFRAWBg,The Polaroid That Predicted My Future,"Aug 7, 2026",25,1
2026-08-09,7IJodFRAWBg,The Polaroid That Predicted My Future,"Aug 7, 2026",25,0
2026-08-10,7IJodFRAWBg,The Polaroid That Predicted My Future,"Aug 7, 2026",25,0
2026-08-11,7IJodFRAWBg,The Polaroid That Predicted My Future,"Aug 7, 2026",25,0
2026-08-12,7IJodFRAWBg,The Polaroid That Predicted My Future,"Aug 7, 2026",25,0
2026-08-13,7IJodFRAWBg,The Polaroid That Predicted My Future,"Aug 7, 2026",25,0
2026-08-14,7IJodFRAWBg,The Polaroid That Predicted My Future,"Aug 7, 2026",25,0
2026-08-15,7IJodFRAWBg,The Polaroid That Predicted My Future,"Aug 7, 2026",25,0
2026-08-16,7IJodFRAWBg,The Polaroid That Predicted My Future,"Aug 7, 2026",25,0
2026-08-17,7IJodFRAWBg,The Polaroid That Predicted My Future,"Aug 7, 2026",25,0
2026-08-18,7IJodFRAWBg,The Polaroid That Predicted My Future,"Aug 7, 2026",25,0
2026-08-19,7IJodFRAWBg,The Polaroid That Predicted My Future,"Aug 7, 2026",25,0
2026-08-20,7IJodFRAWBg,The Polaroid That Predicted My Future,"Aug 7, 2026",25,0
2026-08-21,7IJodFRAWBg,The Polaroid That Predicted My Future,"Aug 7, 2026",25,0
2026-08-22,7IJodFRAWBg,The Polaroid That Predicted My Future,"Aug 7, 2026",25,0
2026-08-23,7IJodFRAWBg,The Polaroid That Predicted My Future,"Aug 7, 2026",25,0
2026-08-24,7IJodFRAWBg,The Polaroid That Predicted My Future,"Aug 7, 2026",25,0
2026-08-25,7IJodFRAWBg,The Polaroid That Predicted My Future,"Aug 7, 2026",25,0
2026-08-26,7IJodFRAWBg,The Polaroid That Predicted My Future,"Aug 7, 2026",25,0
2026-08-27,7IJodFRAWBg,The Polaroid That Predicted My Future,"Aug 7, 2026",25,0
2026-08-28,7IJodFRAWBg,The Polaroid That Predicted My Future,"Aug 7, 2026",25,0
2026-08-29,7IJodFRAWBg,The Polaroid That Predicted My Future,"Aug 7, 2026",25,0
2026-08-30,7IJodFRAWBg,The Polaroid That Predicted My Future,"Aug 7, 2026",25,0
2026-08-31,7IJodFRAWBg,The Polaroid That Predicted My Future,"Aug 7, 2026",25,0
2026-09-01,7IJodFRAWBg,The Polaroid That Predicted My Future,"Aug 7, 2026",25,0
2026-09-02,7IJodFRAWBg,The Polaroid That Predicted My Future,"Aug 7, 2026",25,0
2026-09-03,7IJodFRAWBg,The Polaroid That Predicted My Future,"Aug 7, 2026",25,0
2026-09-04,7IJodFRAWBg,The Polaroid That Predicted My Future,"Aug 7, 2026",25,0
2026-09-05,7IJodFRAWBg,The Polaroid That Predicted My Future,"Aug 7, 2026",25,0
2026-09-06,7IJodFRAWBg,The Polaroid That Predicted My Future,"Aug 7, 2026",25,0
2026-09-07,7IJodFRAWBg,The Polaroid That Predicted My Future,"Aug 7, 2026",25,0
2026-09-08,7IJodFRAWBg,The Polaroid That Predicted My Future,"Aug 7, 2026",25,0
2026-09-09,7IJodFRAWBg,The Polaroid That Predicted My Future,"Aug 7, 2026",25,0
2026-09-10,7IJodFRAWBg,The Polaroid That Predicted My Future,"Aug 7, 2026",25,0
2026-09-11,7IJodFRAWBg,The Polaroid That Predicted My Future,"Aug 7, 2026",25,0
2026-09-12,7IJodFRAWBg,The Polaroid That Predicted My Future,"Aug 7, 2026",25,0
2026-09-13,7IJodFRAWBg,The Polaroid That Predicted My Future,"Aug 7, 2026",25,0
2026-09-14,7IJodFRAWBg,The Polaroid That Predicted My Future,"Aug 7, 2026",25,0
2026-09-15,7IJodFRAWBg,The Polaroid That Predicted My Future,"Aug 7, 2026",25,0
2026-09-16,7IJodFRAWBg,The Polaroid That Predicted My Future,"Aug 7, 2026",25,0
2026-09-17,7IJodFRAWBg,The Polaroid That Predicted My Future,"Aug 7, 2026",25,0
2026-09-18,7IJodFRAWBg,The Polaroid That Predicted My Future,"Aug 7, 2026",25,0
2026-09-19,7IJodFRAWBg,The Polaroid That Predicted My Future,"Aug 7, 2026",25,0
2026-09-20,7IJodFRAWBg,The Polaroid That Predicted My Future,"Aug 7, 2026",25,0
2025-09-21,Pjsc4QsGZJw,The GPS That Told Me I Wasn't Home,"Aug 9, 2026",34,0
2025-09-22,Pjsc4QsGZJw,The GPS That Told Me I Wasn't Home,"Aug 9, 2026",34,0
2025-09-23,Pjsc4QsGZJw,The GPS That Told Me I Wasn't Home,"Aug 9, 2026",34,0
2025-09-24,Pjsc4QsGZJw,The GPS That Told Me I Wasn't Home,"Aug 9, 2026",34,0
2025-09-25,Pjsc4QsGZJw,The GPS That Told Me I Wasn't Home,"Aug 9, 2026",34,0
2025-09-26,Pjsc4QsGZJw,The GPS That Told Me I Wasn't Home,"Aug 9, 2026",34,0
2025-09-27,Pjsc4QsGZJw,The GPS That Told Me I Wasn't Home,"Aug 9, 2026",34,0
2025-09-28,Pjsc4QsGZJw,The GPS That Told Me I Wasn't Home,"Aug 9, 2026",34,0
2025-09-29,Pjsc4QsGZJw,The GPS That Told Me I Wasn't Home,"Aug 9, 2026",34,0
2025-09-30,Pjsc4QsGZJw,The GPS That Told Me I Wasn't Home,"Aug 9, 2026",34,0
2025-10-01,Pjsc4QsGZJw,The GPS That Told Me I Wasn't Home,"Aug 9, 2026",34,0
2025-10-02,Pjsc4QsGZJw,The GPS That Told Me I Wasn't Home,"Aug 9, 2026",34,0
2025-10-03,Pjsc4QsGZJw,The GPS That Told Me I Wasn't Home,"Aug 9, 2026",34,0
2025-10-04,Pjsc4QsGZJw,The GPS That Told Me I Wasn't Home,"Aug 9, 2026",34,0
2025-10-05,Pjsc4QsGZJw,The GPS That Told Me I Wasn't Home,"Aug 9, 2026",34,0
2025-10-06,Pjsc4QsGZJw,The GPS That Told Me I Wasn't Home,"Aug 9, 2026",34,0
2025-10-07,Pjsc4QsGZJw,The GPS That Told Me I Wasn't Home,"Aug 9, 2026",34,0
2025-10-08,Pjsc4QsGZJw,The GPS That Told Me I Wasn't Home,"Aug 9, 2026",34,0
2025-10-09,Pjsc4QsGZJw,The GPS That Told Me I Wasn't Home,"Aug 9, 2026",34,0
2025-10-10,Pjsc4QsGZJw,The GPS That Told Me I Wasn't Home,"Aug 9, 2026",34,0
2025-10-11,Pjsc4QsGZJw,The GPS That Told Me I Wasn't Home,"Aug 9, 2026",34,0
2025-10-12,Pjsc4QsGZJw,The GPS That Told Me I Wasn't Home,"Aug 9, 2026",34,0
2025-10-13,Pjsc4QsGZJw,The GPS That Told Me I Wasn't Home,"Aug 9, 2026",34,0
2025-10-14,Pjsc4QsGZJw,The GPS That Told Me I Wasn't Home,"Aug 9, 2026",34,0
2025-10-15,Pjsc4QsGZJw,The GPS That Told Me I Wasn't Home,"Aug 9, 2026",34,0
2025-10-16,Pjsc4QsGZJw,The GPS That Told Me I Wasn't Home,"Aug 9, 2026",34,0
2025-10-17,Pjsc4QsGZJw,The GPS That Told Me I Wasn't Home,"Aug 9, 2026",34,0
2025-10-18,Pjsc4QsGZJw,The GPS That Told Me I Wasn't Home,"Aug 9, 2026",34,0
2025-10-19,Pjsc4QsGZJw,The GPS That Told Me I Wasn't Home,"Aug 9, 2026",34,0
2025-10-20,Pjsc4QsGZJw,The GPS That Told Me I Wasn't Home,"Aug 9, 2026",34,0
2025-10-21,Pjsc4QsGZJw,The GPS That Told Me I Wasn't Home,"Aug 9, 2026",34,0
2025-10-22,Pjsc4QsGZJw,The GPS That Told Me I Wasn't Home,"Aug 9, 2026",34,0
2025-10-23,Pjsc4QsGZJw,The GPS That Told Me I Wasn't Home,"Aug 9, 2026",34,0
2025-10-24,Pjsc4QsGZJw,The GPS That Told Me I Wasn't Home,"Aug 9, 2026",34,0
2025-10-25,Pjsc4QsGZJw,The GPS That Told Me I Wasn't Home,"Aug 9, 2026",34,0
2025-10-26,Pjsc4QsGZJw,The GPS That Told Me I Wasn't Home,"Aug 9, 2026",34,0
2025-10-27,Pjsc4QsGZJw,The GPS That Told Me I Wasn't Home,"Aug 9, 2026",34,0
2025-10-28,Pjsc4QsGZJw,The GPS That Told Me I Wasn't Home,"Aug 9, 2026",34,0
2025-10-29,Pjsc4QsGZJw,The GPS That Told Me I Wasn't Home,"Aug 9, 2026",34,0
2025-10-30,Pjsc4QsGZJw,The GPS That Told Me I Wasn't Home,"Aug 9, 2026",34,0
2025-10-31,Pjsc4QsGZJw,The GPS That Told Me I Wasn't Home,"Aug 9, 2026",34,0
2025-11-01,Pjsc4QsGZJw,The GPS That Told Me I Wasn't Home,"Aug 9, 2026",34,0
2025-11-02,Pjsc4QsGZJw,The GPS That Told Me I Wasn't Home,"Aug 9, 2026",34,0
2025-11-03,Pjsc4QsGZJw,The GPS That Told Me I Wasn't Home,"Aug 9, 2026",34,0
2025-11-04,Pjsc4QsGZJw,The GPS That Told Me I Wasn't Home,"Aug 9, 2026",34,0
2025-11-05,Pjsc4QsGZJw,The GPS That Told Me I Wasn't Home,"Aug 9, 2026",34,0
2025-11-06,Pjsc4QsGZJw,The GPS That Told Me I Wasn't Home,"Aug 9, 2026",34,0
2025-11-07,Pjsc4QsGZJw,The GPS That Told Me I Wasn't Home,"Aug 9, 2026",34,0
2025-11-08,Pjsc4QsGZJw,The GPS That Told Me I Wasn't Home,"Aug 9, 2026",34,0
2025-11-09,Pjsc4QsGZJw,The GPS That Told Me I Wasn't Home,"Aug 9, 2026",34,0
2025-11-10,Pjsc4QsGZJw,The GPS That Told Me I Wasn't Home,"Aug 9, 2026",34,0
2025-11-11,Pjsc4QsGZJw,The GPS That Told Me I Wasn't Home,"Aug 9, 2026",34,0
2025-11-12,Pjsc4QsGZJw,The GPS That Told Me I Wasn't Home,"Aug 9, 2026",34,0
2025-11-13,Pjsc4QsGZJw,The GPS That Told Me I Wasn't Home,"Aug 9, 2026",34,0
2025-11-14,Pjsc4QsGZJw,The GPS That Told Me I Wasn't Home,"Aug 9, 2026",34,0
2025-11-15,Pjsc4QsGZJw,The GPS That Told Me I Wasn't Home,"Aug 9, 2026",34,0
2025-11-16,Pjsc4QsGZJw,The GPS That Told Me I Wasn't Home,"Aug 9, 2026",34,0
2025-11-17,Pjsc4QsGZJw,The GPS That Told Me I Wasn't Home,"Aug 9, 2026",34,0
2025-11-18,Pjsc4QsGZJw,The GPS That Told Me I Wasn't Home,"Aug 9, 2026",34,0
2025-11-19,Pjsc4QsGZJw,The GPS That Told Me I Wasn't Home,"Aug 9, 2026",34,0
2025-11-20,Pjsc4QsGZJw,The GPS That Told Me I Wasn't Home,"Aug 9, 2026",34,0
2025-11-21,Pjsc4QsGZJw,The GPS That Told Me I Wasn't Home,"Aug 9, 2026",34,0
2025-11-22,Pjsc4QsGZJw,The GPS That Told Me I Wasn't Home,"Aug 9, 2026",34,0
2025-11-23,Pjsc4QsGZJw,The GPS That Told Me I Wasn't Home,"Aug 9, 2026",34,0
2025-11-24,Pjsc4QsGZJw,The GPS That Told Me I Wasn't Home,"Aug 9, 2026",34,0
2025-11-25,Pjsc4QsGZJw,The GPS That Told Me I Wasn't Home,"Aug 9, 2026",34,0
2025-11-26,Pjsc4QsGZJw,The GPS That Told Me I Wasn't Home,"Aug 9, 2026",34,0
2025-11-27,Pjsc4QsGZJw,The GPS That Told Me I Wasn't Home,"Aug 9, 2026",34,0
2025-11-28,Pjsc4QsGZJw,The GPS That Told Me I Wasn't Home,"Aug 9, 2026",34,0
2025-11-29,Pjsc4QsGZJw,The GPS That Told Me I Wasn't Home,"Aug 9, 2026",34,0
2025-11-30,Pjsc4QsGZJw,The GPS That Told Me I Wasn't Home,"Aug 9, 2026",34,0
2025-12-01,Pjsc4QsGZJw,The GPS That Told Me I Wasn't Home,"Aug 9, 2026",34,0
2025-12-02,Pjsc4QsGZJw,The GPS That Told Me I Wasn't Home,"Aug 9, 2026",34,0
2025-12-03,Pjsc4QsGZJw,The GPS That Told Me I Wasn't Home,"Aug 9, 2026",34,0
2025-12-04,Pjsc4QsGZJw,The GPS That Told Me I Wasn't Home,"Aug 9, 2026",34,0
2025-12-05,Pjsc4QsGZJw,The GPS That Told Me I Wasn't Home,"Aug 9, 2026",34,0
2025-12-06,Pjsc4QsGZJw,The GPS That Told Me I Wasn't Home,"Aug 9, 2026",34,0
2025-12-07,Pjsc4QsGZJw,The GPS That Told Me I Wasn't Home,"Aug 9, 2026",34,0
2025-12-08,Pjsc4QsGZJw,The GPS That Told Me I Wasn't Home,"Aug 9, 2026",34,0
2025-12-09,Pjsc4QsGZJw,The GPS That Told Me I Wasn't Home,"Aug 9, 2026",34,0
2025-12-10,Pjsc4QsGZJw,The GPS That Told Me I Wasn't Home,"Aug 9, 2026",34,0
2025-12-11,Pjsc4QsGZJw,The GPS That Told Me I Wasn't Home,"Aug 9, 2026",34,0
2025-12-12,Pjsc4QsGZJw,The GPS That Told Me I Wasn't Home,"Aug 9, 2026",34,0
2025-12-13,Pjsc4QsGZJw,The GPS That Told Me I Wasn't Home,"Aug 9, 2026",34,0
2025-12-14,Pjsc4QsGZJw,The GPS That Told Me I Wasn't Home,"Aug 9, 2026",34,0
2025-12-15,Pjsc4QsGZJw,The GPS That Told Me I Wasn't Home,"Aug 9, 2026",34,0
2025-12-16,Pjsc4QsGZJw,The GPS That Told Me I Wasn't Home,"Aug 9, 2026",34,0
2025-12-17,Pjsc4QsGZJw,The GPS That Told Me I Wasn't Home,"Aug 9, 2026",34,0
2025-12-18,Pjsc4QsGZJw,The GPS That Told Me I Wasn't Home,"Aug 9, 2026",34,0
2025-12-19,Pjsc4QsGZJw,The GPS That Told Me I Wasn't Home,"Aug 9, 2026",34,0
2025-12-20,Pjsc4QsGZJw,The GPS That Told Me I Wasn't Home,"Aug 9, 2026",34,0
2025-12-21,Pjsc4QsGZJw,The GPS That Told Me I Wasn't Home,"Aug 9, 2026",34,0
2025-12-22,Pjsc4QsGZJw,The GPS That Told Me I Wasn't Home,"Aug 9, 2026",34,0
2025-12-23,Pjsc4QsGZJw,The GPS That Told Me I Wasn't Home,"Aug 9, 2026",34,0
2025-12-24,Pjsc4QsGZJw,The GPS That Told Me I Wasn't Home,"Aug 9, 2026",34,0
2025-12-25,Pjsc4QsGZJw,The GPS That Told Me I Wasn't Home,"Aug 9, 2026",34,0
2025-12-26,Pjsc4QsGZJw,The GPS That Told Me I Wasn't Home,"Aug 9, 2026",34,0
2025-12-27,Pjsc4QsGZJw,The GPS That Told Me I Wasn't Home,"Aug 9, 2026",34,0
2025-12-28,Pjsc4QsGZJw,The GPS That Told Me I Wasn't Home,"Aug 9, 2026",34,0
2025-12-29,Pjsc4QsGZJw,The GPS That Told Me I Wasn't Home,"Aug 9, 2026",34,0
2025-12-30,Pjsc4QsGZJw,The GPS That Told Me I Wasn't Home,"Aug 9, 2026",34,0
2025-12-31,Pjsc4QsGZJw,The GPS That Told Me I Wasn't Home,"Aug 9, 2026",34,0
2026-01-01,Pjsc4QsGZJw,The GPS That Told Me I Wasn't Home,"Aug 9, 2026",34,0
2026-01-02,Pjsc4QsGZJw,The GPS That Told Me I Wasn't Home,"Aug 9, 2026",34,0
2026-01-03,Pjsc4QsGZJw,The GPS That Told Me I Wasn't Home,"Aug 9, 2026",34,0
2026-01-04,Pjsc4QsGZJw,The GPS That Told Me I Wasn't Home,"Aug 9, 2026",34,0
2026-01-05,Pjsc4QsGZJw,The GPS That Told Me I Wasn't Home,"Aug 9, 2026",34,0
2026-01-06,Pjsc4QsGZJw,The GPS That Told Me I Wasn't Home,"Aug 9, 2026",34,0
2026-01-07,Pjsc4QsGZJw,The GPS That Told Me I Wasn't Home,"Aug 9, 2026",34,0
2026-01-08,Pjsc4QsGZJw,The GPS That Told Me I Wasn't Home,"Aug 9, 2026",34,0
2026-01-09,Pjsc4QsGZJw,The GPS That Told Me I Wasn't Home,"Aug 9, 2026",34,0
2026-01-10,Pjsc4QsGZJw,The GPS That Told Me I Wasn't Home,"Aug 9, 2026",34,0
2026-01-11,Pjsc4QsGZJw,The GPS That Told Me I Wasn't Home,"Aug 9, 2026",34,0
2026-01-12,Pjsc4QsGZJw,The GPS That Told Me I Wasn't Home,"Aug 9, 2026",34,0
2026-01-13,Pjsc4QsGZJw,The GPS That Told Me I Wasn't Home,"Aug 9, 2026",34,0
2026-01-14,Pjsc4QsGZJw,The GPS That Told Me I Wasn't Home,"Aug 9, 2026",34,0
2026-01-15,Pjsc4QsGZJw,The GPS That Told Me I Wasn't Home,"Aug 9, 2026",34,0
2026-01-16,Pjsc4QsGZJw,The GPS That Told Me I Wasn't Home,"Aug 9, 2026",34,0
2026-01-17,Pjsc4QsGZJw,The GPS That Told Me I Wasn't Home,"Aug 9, 2026",34,0
2026-01-18,Pjsc4QsGZJw,The GPS That Told Me I Wasn't Home,"Aug 9, 2026",34,0
2026-01-19,Pjsc4QsGZJw,The GPS That Told Me I Wasn't Home,"Aug 9, 2026",34,0
2026-01-20,Pjsc4QsGZJw,The GPS That Told Me I Wasn't Home,"Aug 9, 2026",34,0
2026-01-21,Pjsc4QsGZJw,The GPS That Told Me I Wasn't Home,"Aug 9, 2026",34,0
2026-01-22,Pjsc4QsGZJw,The GPS That Told Me I Wasn't Home,"Aug 9, 2026",34,0
2026-01-23,Pjsc4QsGZJw,The GPS That Told Me I Wasn't Home,"Aug 9, 2026",34,0
2026-01-24,Pjsc4QsGZJw,The GPS That Told Me I Wasn't Home,"Aug 9, 2026",34,0
2026-01-25,Pjsc4QsGZJw,The GPS That Told Me I Wasn't Home,"Aug 9, 2026",34,0
2026-01-26,Pjsc4QsGZJw,The GPS That Told Me I Wasn't Home,"Aug 9, 2026",34,0
2026-01-27,Pjsc4QsGZJw,The GPS That Told Me I Wasn't Home,"Aug 9, 2026",34,0
2026-01-28,Pjsc4QsGZJw,The GPS That Told Me I Wasn't Home,"Aug 9, 2026",34,0
2026-01-29,Pjsc4QsGZJw,The GPS That Told Me I Wasn't Home,"Aug 9, 2026",34,0
2026-01-30,Pjsc4QsGZJw,The GPS That Told Me I Wasn't Home,"Aug 9, 2026",34,0
2026-01-31,Pjsc4QsGZJw,The GPS That Told Me I Wasn't Home,"Aug 9, 2026",34,0
2026-02-01,Pjsc4QsGZJw,The GPS That Told Me I Wasn't Home,"Aug 9, 2026",34,0
2026-02-02,Pjsc4QsGZJw,The GPS That Told Me I Wasn't Home,"Aug 9, 2026",34,0
2026-02-03,Pjsc4QsGZJw,The GPS That Told Me I Wasn't Home,"Aug 9, 2026",34,0
2026-02-04,Pjsc4QsGZJw,The GPS That Told Me I Wasn't Home,"Aug 9, 2026",34,0
2026-02-05,Pjsc4QsGZJw,The GPS That Told Me I Wasn't Home,"Aug 9, 2026",34,0
2026-02-06,Pjsc4QsGZJw,The GPS That Told Me I Wasn't Home,"Aug 9, 2026",34,0
2026-02-07,Pjsc4QsGZJw,The GPS That Told Me I Wasn't Home,"Aug 9, 2026",34,0
2026-02-08,Pjsc4QsGZJw,The GPS That Told Me I Wasn't Home,"Aug 9, 2026",34,0
2026-02-09,Pjsc4QsGZJw,The GPS That Told Me I Wasn't Home,"Aug 9, 2026",34,0
2026-02-10,Pjsc4QsGZJw,The GPS That Told Me I Wasn't Home,"Aug 9, 2026",34,0
2026-02-11,Pjsc4QsGZJw,The GPS That Told Me I Wasn't Home,"Aug 9, 2026",34,0
2026-02-12,Pjsc4QsGZJw,The GPS That Told Me I Wasn't Home,"Aug 9, 2026",34,0
2026-02-13,Pjsc4QsGZJw,The GPS That Told Me I Wasn't Home,"Aug 9, 2026",34,0
2026-02-14,Pjsc4QsGZJw,The GPS That Told Me I Wasn't Home,"Aug 9, 2026",34,0
2026-02-15,Pjsc4QsGZJw,The GPS That Told Me I Wasn't Home,"Aug 9, 2026",34,0
2026-02-16,Pjsc4QsGZJw,The GPS That Told Me I Wasn't Home,"Aug 9, 2026",34,0
2026-02-17,Pjsc4QsGZJw,The GPS That Told Me I Wasn't Home,"Aug 9, 2026",34,0
2026-02-18,Pjsc4QsGZJw,The GPS That Told Me I Wasn't Home,"Aug 9, 2026",34,0
2026-02-19,Pjsc4QsGZJw,The GPS That Told Me I Wasn't Home,"Aug 9, 2026",34,0
2026-02-20,Pjsc4QsGZJw,The GPS That Told Me I Wasn't Home,"Aug 9, 2026",34,0
2026-02-21,Pjsc4QsGZJw,The GPS That Told Me I Wasn't Home,"Aug 9, 2026",34,0
2026-02-22,Pjsc4QsGZJw,The GPS That Told Me I Wasn't Home,"Aug 9, 2026",34,0
2026-02-23,Pjsc4QsGZJw,The GPS That Told Me I Wasn't Home,"Aug 9, 2026",34,0
2026-02-24,Pjsc4QsGZJw,The GPS That Told Me I Wasn't Home,"Aug 9, 2026",34,0
2026-02-25,Pjsc4QsGZJw,The GPS That Told Me I Wasn't Home,"Aug 9, 2026",34,0
2026-02-26,Pjsc4QsGZJw,The GPS That Told Me I Wasn't Home,"Aug 9, 2026",34,0
2026-02-27,Pjsc4QsGZJw,The GPS That Told Me I Wasn't Home,"Aug 9, 2026",34,0
2026-02-28,Pjsc4QsGZJw,The GPS That Told Me I Wasn't Home,"Aug 9, 2026",34,0
2026-03-01,Pjsc4QsGZJw,The GPS That Told Me I Wasn't Home,"Aug 9, 2026",34,0
2026-03-02,Pjsc4QsGZJw,The GPS That Told Me I Wasn't Home,"Aug 9, 2026",34,0
2026-03-03,Pjsc4QsGZJw,The GPS That Told Me I Wasn't Home,"Aug 9, 2026",34,0
2026-03-04,Pjsc4QsGZJw,The GPS That Told Me I Wasn't Home,"Aug 9, 2026",34,0
2026-03-05,Pjsc4QsGZJw,The GPS That Told Me I Wasn't Home,"Aug 9, 2026",34,0
2026-03-06,Pjsc4QsGZJw,The GPS That Told Me I Wasn't Home,"Aug 9, 2026",34,0
2026-03-07,Pjsc4QsGZJw,The GPS That Told Me I Wasn't Home,"Aug 9, 2026",34,0
2026-03-08,Pjsc4QsGZJw,The GPS That Told Me I Wasn't Home,"Aug 9, 2026",34,0
2026-03-09,Pjsc4QsGZJw,The GPS That Told Me I Wasn't Home,"Aug 9, 2026",34,0
2026-03-10,Pjsc4QsGZJw,The GPS That Told Me I Wasn't Home,"Aug 9, 2026",34,0
2026-03-11,Pjsc4QsGZJw,The GPS That Told Me I Wasn't Home,"Aug 9, 2026",34,0
2026-03-12,Pjsc4QsGZJw,The GPS That Told Me I Wasn't Home,"Aug 9, 2026",34,0
2026-03-13,Pjsc4QsGZJw,The GPS That Told Me I Wasn't Home,"Aug 9, 2026",34,0
2026-03-14,Pjsc4QsGZJw,The GPS That Told Me I Wasn't Home,"Aug 9, 2026",34,0
2026-03-15,Pjsc4QsGZJw,The GPS That Told Me I Wasn't Home,"Aug 9, 2026",34,0
2026-03-16,Pjsc4QsGZJw,The GPS That Told Me I Wasn't Home,"Aug 9, 2026",34,0
2026-03-17,Pjsc4QsGZJw,The GPS That Told Me I Wasn't Home,"Aug 9, 2026",34,0
2026-03-18,Pjsc4QsGZJw,The GPS That Told Me I Wasn't Home,"Aug 9, 2026",34,0
2026-03-19,Pjsc4QsGZJw,The GPS That Told Me I Wasn't Home,"Aug 9, 2026",34,0
2026-03-20,Pjsc4QsGZJw,The GPS That Told Me I Wasn't Home,"Aug 9, 2026",34,0
2026-03-21,Pjsc4QsGZJw,The GPS That Told Me I Wasn't Home,"Aug 9, 2026",34,0
2026-03-22,Pjsc4QsGZJw,The GPS That Told Me I Wasn't Home,"Aug 9, 2026",34,0
2026-03-23,Pjsc4QsGZJw,The GPS That Told Me I Wasn't Home,"Aug 9, 2026",34,0
2026-03-24,Pjsc4QsGZJw,The GPS That Told Me I Wasn't Home,"Aug 9, 2026",34,0
2026-03-25,Pjsc4QsGZJw,The GPS That Told Me I Wasn't Home,"Aug 9, 2026",34,0
2026-03-26,Pjsc4QsGZJw,The GPS That Told Me I Wasn't Home,"Aug 9, 2026",34,0
2026-03-27,Pjsc4QsGZJw,The GPS That Told Me I Wasn't Home,"Aug 9, 2026",34,0
2026-03-28,Pjsc4QsGZJw,The GPS That Told Me I Wasn't Home,"Aug 9, 2026",34,0
2026-03-29,Pjsc4QsGZJw,The GPS That Told Me I Wasn't Home,"Aug 9, 2026",34,0
2026-03-30,Pjsc4QsGZJw,The GPS That Told Me I Wasn't Home,"Aug 9, 2026",34,0
2026-03-31,Pjsc4QsGZJw,The GPS That Told Me I Wasn't Home,"Aug 9, 2026",34,0
2026-04-01,Pjsc4QsGZJw,The GPS That Told Me I Wasn't Home,"Aug 9, 2026",34,0
2026-04-02,Pjsc4QsGZJw,The GPS That Told Me I Wasn't Home,"Aug 9, 2026",34,0
2026-04-03,Pjsc4QsGZJw,The GPS That Told Me I Wasn't Home,"Aug 9, 2026",34,0
2026-04-04,Pjsc4QsGZJw,The GPS That Told Me I Wasn't Home,"Aug 9, 2026",34,0
2026-04-05,Pjsc4QsGZJw,The GPS That Told Me I Wasn't Home,"Aug 9, 2026",34,0
2026-04-06,Pjsc4QsGZJw,The GPS That Told Me I Wasn't Home,"Aug 9, 2026",34,0
2026-04-07,Pjsc4QsGZJw,The GPS That Told Me I Wasn't Home,"Aug 9, 2026",34,0
2026-04-08,Pjsc4QsGZJw,The GPS That Told Me I Wasn't Home,"Aug 9, 2026",34,0
2026-04-09,Pjsc4QsGZJw,The GPS That Told Me I Wasn't Home,"Aug 9, 2026",34,0
2026-04-10,Pjsc4QsGZJw,The GPS That Told Me I Wasn't Home,"Aug 9, 2026",34,0
2026-04-11,Pjsc4QsGZJw,The GPS That Told Me I Wasn't Home,"Aug 9, 2026",34,0
2026-04-12,Pjsc4QsGZJw,The GPS That Told Me I Wasn't Home,"Aug 9, 2026",34,0
2026-04-13,Pjsc4QsGZJw,The GPS That Told Me I Wasn't Home,"Aug 9, 2026",34,0
2026-04-14,Pjsc4QsGZJw,The GPS That Told Me I Wasn't Home,"Aug 9, 2026",34,0
2026-04-15,Pjsc4QsGZJw,The GPS That Told Me I Wasn't Home,"Aug 9, 2026",34,0
2026-04-16,Pjsc4QsGZJw,The GPS That Told Me I Wasn't Home,"Aug 9, 2026",34,0
2026-04-17,Pjsc4QsGZJw,The GPS That Told Me I Wasn't Home,"Aug 9, 2026",34,0
2026-04-18,Pjsc4QsGZJw,The GPS That Told Me I Wasn't Home,"Aug 9, 2026",34,0
2026-04-19,Pjsc4QsGZJw,The GPS That Told Me I Wasn't Home,"Aug 9, 2026",34,0
2026-04-20,Pjsc4QsGZJw,The GPS That Told Me I Wasn't Home,"Aug 9, 2026",34,0
2026-04-21,Pjsc4QsGZJw,The GPS That Told Me I Wasn't Home,"Aug 9, 2026",34,0
2026-04-22,Pjsc4QsGZJw,The GPS That Told Me I Wasn't Home,"Aug 9, 2026",34,0
2026-04-23,Pjsc4QsGZJw,The GPS That Told Me I Wasn't Home,"Aug 9, 2026",34,0
2026-04-24,Pjsc4QsGZJw,The GPS That Told Me I Wasn't Home,"Aug 9, 2026",34,0
2026-04-25,Pjsc4QsGZJw,The GPS That Told Me I Wasn't Home,"Aug 9, 2026",34,0
2026-04-26,Pjsc4QsGZJw,The GPS That Told Me I Wasn't Home,"Aug 9, 2026",34,0
2026-04-27,Pjsc4QsGZJw,The GPS That Told Me I Wasn't Home,"Aug 9, 2026",34,0
2026-04-28,Pjsc4QsGZJw,The GPS That Told Me I Wasn't Home,"Aug 9, 2026",34,0
2026-04-29,Pjsc4QsGZJw,The GPS That Told Me I Wasn't Home,"Aug 9, 2026",34,0
2026-04-30,Pjsc4QsGZJw,The GPS That Told Me I Wasn't Home,"Aug 9, 2026",34,0
2026-05-01,Pjsc4QsGZJw,The GPS That Told Me I Wasn't Home,"Aug 9, 2026",34,0
2026-05-02,Pjsc4QsGZJw,The GPS That Told Me I Wasn't Home,"Aug 9, 2026",34,0
2026-05-03,Pjsc4QsGZJw,The GPS That Told Me I Wasn't Home,"Aug 9, 2026",34,0
2026-05-04,Pjsc4QsGZJw,The GPS That Told Me I Wasn't Home,"Aug 9, 2026",34,0
2026-05-05,Pjsc4QsGZJw,The GPS That Told Me I Wasn't Home,"Aug 9, 2026",34,0
2026-05-06,Pjsc4QsGZJw,The GPS That Told Me I Wasn't Home,"Aug 9, 2026",34,0
2026-05-07,Pjsc4QsGZJw,The GPS That Told Me I Wasn't Home,"Aug 9, 2026",34,0
2026-05-08,Pjsc4QsGZJw,The GPS That Told Me I Wasn't Home,"Aug 9, 2026",34,0
2026-05-09,Pjsc4QsGZJw,The GPS That Told Me I Wasn't Home,"Aug 9, 2026",34,0
2026-05-10,Pjsc4QsGZJw,The GPS That Told Me I Wasn't Home,"Aug 9, 2026",34,0
2026-05-11,Pjsc4QsGZJw,The GPS That Told Me I Wasn't Home,"Aug 9, 2026",34,0
2026-05-12,Pjsc4QsGZJw,The GPS That Told Me I Wasn't Home,"Aug 9, 2026",34,0
2026-05-13,Pjsc4QsGZJw,The GPS That Told Me I Wasn't Home,"Aug 9, 2026",34,0
2026-05-14,Pjsc4QsGZJw,The GPS That Told Me I Wasn't Home,"Aug 9, 2026",34,0
2026-05-15,Pjsc4QsGZJw,The GPS That Told Me I Wasn't Home,"Aug 9, 2026",34,0
2026-05-16,Pjsc4QsGZJw,The GPS That Told Me I Wasn't Home,"Aug 9, 2026",34,0
2026-05-17,Pjsc4QsGZJw,The GPS That Told Me I Wasn't Home,"Aug 9, 2026",34,0
2026-05-18,Pjsc4QsGZJw,The GPS That Told Me I Wasn't Home,"Aug 9, 2026",34,0
2026-05-19,Pjsc4QsGZJw,The GPS That Told Me I Wasn't Home,"Aug 9, 2026",34,0
2026-05-20,Pjsc4QsGZJw,The GPS That Told Me I Wasn't Home,"Aug 9, 2026",34,0
2026-05-21,Pjsc4QsGZJw,The GPS That Told Me I Wasn't Home,"Aug 9, 2026",34,0
2026-05-22,Pjsc4QsGZJw,The GPS That Told Me I Wasn't Home,"Aug 9, 2026",34,0
2026-05-23,Pjsc4QsGZJw,The GPS That Told Me I Wasn't Home,"Aug 9, 2026",34,0
2026-05-24,Pjsc4QsGZJw,The GPS That Told Me I Wasn't Home,"Aug 9, 2026",34,0
2026-05-25,Pjsc4QsGZJw,The GPS That Told Me I Wasn't Home,"Aug 9, 2026",34,0
2026-05-26,Pjsc4QsGZJw,The GPS That Told Me I Wasn't Home,"Aug 9, 2026",34,0
2026-05-27,Pjsc4QsGZJw,The GPS That Told Me I Wasn't Home,"Aug 9, 2026",34,0
2026-05-28,Pjsc4QsGZJw,The GPS That Told Me I Wasn't Home,"Aug 9, 2026",34,0
2026-05-29,Pjsc4QsGZJw,The GPS That Told Me I Wasn't Home,"Aug 9, 2026",34,0
2026-05-30,Pjsc4QsGZJw,The GPS That Told Me I Wasn't Home,"Aug 9, 2026",34,0
2026-05-31,Pjsc4QsGZJw,The GPS That Told Me I Wasn't Home,"Aug 9, 2026",34,0
2026-06-01,Pjsc4QsGZJw,The GPS That Told Me I Wasn't Home,"Aug 9, 2026",34,0
2026-06-02,Pjsc4QsGZJw,The GPS That Told Me I Wasn't Home,"Aug 9, 2026",34,0
2026-06-03,Pjsc4QsGZJw,The GPS That Told Me I Wasn't Home,"Aug 9, 2026",34,0
2026-06-04,Pjsc4QsGZJw,The GPS That Told Me I Wasn't Home,"Aug 9, 2026",34,0
2026-06-05,Pjsc4QsGZJw,The GPS That Told Me I Wasn't Home,"Aug 9, 2026",34,0
2026-06-06,Pjsc4QsGZJw,The GPS That Told Me I Wasn't Home,"Aug 9, 2026",34,0
2026-06-07,Pjsc4QsGZJw,The GPS That Told Me I Wasn't Home,"Aug 9, 2026",34,0
2026-06-08,Pjsc4QsGZJw,The GPS That Told Me I Wasn't Home,"Aug 9, 2026",34,0
2026-06-09,Pjsc4QsGZJw,The GPS That Told Me I Wasn't Home,"Aug 9, 2026",34,0
2026-06-10,Pjsc4QsGZJw,The GPS That Told Me I Wasn't Home,"Aug 9, 2026",34,0
2026-06-11,Pjsc4QsGZJw,The GPS That Told Me I Wasn't Home,"Aug 9, 2026",34,0
2026-06-12,Pjsc4QsGZJw,The GPS That Told Me I Wasn't Home,"Aug 9, 2026",34,0
2026-06-13,Pjsc4QsGZJw,The GPS That Told Me I Wasn't Home,"Aug 9, 2026",34,0
2026-06-14,Pjsc4QsGZJw,The GPS That Told Me I Wasn't Home,"Aug 9, 2026",34,0
2026-06-15,Pjsc4QsGZJw,The GPS That Told Me I Wasn't Home,"Aug 9, 2026",34,0
2026-06-16,Pjsc4QsGZJw,The GPS That Told Me I Wasn't Home,"Aug 9, 2026",34,0
2026-06-17,Pjsc4QsGZJw,The GPS That Told Me I Wasn't Home,"Aug 9, 2026",34,0
2026-06-18,Pjsc4QsGZJw,The GPS That Told Me I Wasn't Home,"Aug 9, 2026",34,0
2026-06-19,Pjsc4QsGZJw,The GPS That Told Me I Wasn't Home,"Aug 9, 2026",34,0
2026-06-20,Pjsc4QsGZJw,The GPS That Told Me I Wasn't Home,"Aug 9, 2026",34,0
2026-06-21,Pjsc4QsGZJw,The GPS That Told Me I Wasn't Home,"Aug 9, 2026",34,0
2026-06-22,Pjsc4QsGZJw,The GPS That Told Me I Wasn't Home,"Aug 9, 2026",34,0
2026-06-23,Pjsc4QsGZJw,The GPS That Told Me I Wasn't Home,"Aug 9, 2026",34,0
2026-06-24,Pjsc4QsGZJw,The GPS That Told Me I Wasn't Home,"Aug 9, 2026",34,0
2026-06-25,Pjsc4QsGZJw,The GPS That Told Me I Wasn't Home,"Aug 9, 2026",34,0
2026-06-26,Pjsc4QsGZJw,The GPS That Told Me I Wasn't Home,"Aug 9, 2026",34,0
2026-06-27,Pjsc4QsGZJw,The GPS That Told Me I Wasn't Home,"Aug 9, 2026",34,0
2026-06-28,Pjsc4QsGZJw,The GPS That Told Me I Wasn't Home,"Aug 9, 2026",34,0
2026-06-29,Pjsc4QsGZJw,The GPS That Told Me I Wasn't Home,"Aug 9, 2026",34,0
2026-06-30,Pjsc4QsGZJw,The GPS That Told Me I Wasn't Home,"Aug 9, 2026",34,0
2026-07-01,Pjsc4QsGZJw,The GPS That Told Me I Wasn't Home,"Aug 9, 2026",34,0
2026-07-02,Pjsc4QsGZJw,The GPS That Told Me I Wasn't Home,"Aug 9, 2026",34,0
2026-07-03,Pjsc4QsGZJw,The GPS That Told Me I Wasn't Home,"Aug 9, 2026",34,0
2026-07-04,Pjsc4QsGZJw,The GPS That Told Me I Wasn't Home,"Aug 9, 2026",34,0
2026-07-05,Pjsc4QsGZJw,The GPS That Told Me I Wasn't Home,"Aug 9, 2026",34,0
2026-07-06,Pjsc4QsGZJw,The GPS That Told Me I Wasn't Home,"Aug 9, 2026",34,0
2026-07-07,Pjsc4QsGZJw,The GPS That Told Me I Wasn't Home,"Aug 9, 2026",34,0
2026-07-08,Pjsc4QsGZJw,The GPS That Told Me I Wasn't Home,"Aug 9, 2026",34,0
2026-07-09,Pjsc4QsGZJw,The GPS That Told Me I Wasn't Home,"Aug 9, 2026",34,0
2026-07-10,Pjsc4QsGZJw,The GPS That Told Me I Wasn't Home,"Aug 9, 2026",34,0
2026-07-11,Pjsc4QsGZJw,The GPS That Told Me I Wasn't Home,"Aug 9, 2026",34,0
2026-07-12,Pjsc4QsGZJw,The GPS That Told Me I Wasn't Home,"Aug 9, 2026",34,0
2026-07-13,Pjsc4QsGZJw,The GPS That Told Me I Wasn't Home,"Aug 9, 2026",34,0
2026-07-14,Pjsc4QsGZJw,The GPS That Told Me I Wasn't Home,"Aug 9, 2026",34,0
2026-07-15,Pjsc4QsGZJw,The GPS That Told Me I Wasn't Home,"Aug 9, 2026",34,0
2026-07-16,Pjsc4QsGZJw,The GPS That Told Me I Wasn't Home,"Aug 9, 2026",34,0
2026-07-17,Pjsc4QsGZJw,The GPS That Told Me I Wasn't Home,"Aug 9, 2026",34,0
2026-07-18,Pjsc4QsGZJw,The GPS That Told Me I Wasn't Home,"Aug 9, 2026",34,0
2026-07-19,Pjsc4QsGZJw,The GPS That Told Me I Wasn't Home,"Aug 9, 2026",34,0
2026-07-20,Pjsc4QsGZJw,The GPS That Told Me I Wasn't Home,"Aug 9, 2026",34,0
2026-07-21,Pjsc4QsGZJw,The GPS That Told Me I Wasn't Home,"Aug 9, 2026",34,0
2026-07-22,Pjsc4QsGZJw,The GPS That Told Me I Wasn't Home,"Aug 9, 2026",34,0
2026-07-23,Pjsc4QsGZJw,The GPS That Told Me I Wasn't Home,"Aug 9, 2026",34,0
2026-07-24,Pjsc4QsGZJw,The GPS That Told Me I Wasn't Home,"Aug 9, 2026",34,0
2026-07-25,Pjsc4QsGZJw,The GPS That Told Me I Wasn't Home,"Aug 9, 2026",34,0
2026-07-26,Pjsc4QsGZJw,The GPS That Told Me I Wasn't Home,"Aug 9, 2026",34,0
2026-07-27,Pjsc4QsGZJw,The GPS That Told Me I Wasn't Home,"Aug 9, 2026",34,0
2026-07-28,Pjsc4QsGZJw,The GPS That Told Me I Wasn't Home,"Aug 9, 2026",34,0
2026-07-29,Pjsc4QsGZJw,The GPS That Told Me I Wasn't Home,"Aug 9, 2026",34,0
2026-07-30,Pjsc4QsGZJw,The GPS That Told Me I Wasn't Home,"Aug 9, 2026",34,0
2026-07-31,Pjsc4QsGZJw,The GPS That Told Me I Wasn't Home,"Aug 9, 2026",34,0
2026-08-01,Pjsc4QsGZJw,The GPS That Told Me I Wasn't Home,"Aug 9, 2026",34,0
2026-08-02,Pjsc4QsGZJw,The GPS That Told Me I Wasn't Home,"Aug 9, 2026",34,0
2026-08-03,Pjsc4QsGZJw,The GPS That Told Me I Wasn't Home,"Aug 9, 2026",34,0
2026-08-04,Pjsc4QsGZJw,The GPS That Told Me I Wasn't Home,"Aug 9, 2026",34,0
2026-08-05,Pjsc4QsGZJw,The GPS That Told Me I Wasn't Home,"Aug 9, 2026",34,0
2026-08-06,Pjsc4QsGZJw,The GPS That Told Me I Wasn't Home,"Aug 9, 2026",34,0
2026-08-07,Pjsc4QsGZJw,The GPS That Told Me I Wasn't Home,"Aug 9, 2026",34,0
2026-08-08,Pjsc4QsGZJw,The GPS That Told Me I Wasn't Home,"Aug 9, 2026",34,38
2026-08-09,Pjsc4QsGZJw,The GPS That Told Me I Wasn't Home,"Aug 9, 2026",34,152
2026-08-10,Pjsc4QsGZJw,The GPS That Told Me I Wasn't Home,"Aug 9, 2026",34,1
2026-08-11,Pjsc4QsGZJw,The GPS That Told Me I Wasn't Home,"Aug 9, 2026",34,0
2026-08-12,Pjsc4QsGZJw,The GPS That Told Me I Wasn't Home,"Aug 9, 2026",34,0
2026-08-13,Pjsc4QsGZJw,The GPS That Told Me I Wasn't Home,"Aug 9, 2026",34,0
2026-08-14,Pjsc4QsGZJw,The GPS That Told Me I Wasn't Home,"Aug 9, 2026",34,0
2026-08-15,Pjsc4QsGZJw,The GPS That Told Me I Wasn't Home,"Aug 9, 2026",34,0
2026-08-16,Pjsc4QsGZJw,The GPS That Told Me I Wasn't Home,"Aug 9, 2026",34,0
2026-08-17,Pjsc4QsGZJw,The GPS That Told Me I Wasn't Home,"Aug 9, 2026",34,0
2026-08-18,Pjsc4QsGZJw,The GPS That Told Me I Wasn't Home,"Aug 9, 2026",34,0
2026-08-19,Pjsc4QsGZJw,The GPS That Told Me I Wasn't Home,"Aug 9, 2026",34,0
2026-08-20,Pjsc4QsGZJw,The GPS That Told Me I Wasn't Home,"Aug 9, 2026",34,0
2026-08-21,Pjsc4QsGZJw,The GPS That Told Me I Wasn't Home,"Aug 9, 2026",34,0
2026-08-22,Pjsc4QsGZJw,The GPS That Told Me I Wasn't Home,"Aug 9, 2026",34,0
2026-08-23,Pjsc4QsGZJw,The GPS That Told Me I Wasn't Home,"Aug 9, 2026",34,0
2026-08-24,Pjsc4QsGZJw,The GPS That Told Me I Wasn't Home,"Aug 9, 2026",34,0
2026-08-25,Pjsc4QsGZJw,The GPS That Told Me I Wasn't Home,"Aug 9, 2026",34,0
2026-08-26,Pjsc4QsGZJw,The GPS That Told Me I Wasn't Home,"Aug 9, 2026",34,0
2026-08-27,Pjsc4QsGZJw,The GPS That Told Me I Wasn't Home,"Aug 9, 2026",34,0
2026-08-28,Pjsc4QsGZJw,The GPS That Told Me I Wasn't Home,"Aug 9, 2026",34,0
2026-08-29,Pjsc4QsGZJw,The GPS That Told Me I Wasn't Home,"Aug 9, 2026",34,0
2026-08-30,Pjsc4QsGZJw,The GPS That Told Me I Wasn't Home,"Aug 9, 2026",34,0
2026-08-31,Pjsc4QsGZJw,The GPS That Told Me I Wasn't Home,"Aug 9, 2026",34,0
2026-09-01,Pjsc4QsGZJw,The GPS That Told Me I Wasn't Home,"Aug 9, 2026",34,0
2026-09-02,Pjsc4QsGZJw,The GPS That Told Me I Wasn't Home,"Aug 9, 2026",34,0
2026-09-03,Pjsc4QsGZJw,The GPS That Told Me I Wasn't Home,"Aug 9, 2026",34,0
2026-09-04,Pjsc4QsGZJw,The GPS That Told Me I Wasn't Home,"Aug 9, 2026",34,0
2026-09-05,Pjsc4QsGZJw,The GPS That Told Me I Wasn't Home,"Aug 9, 2026",34,0
2026-09-06,Pjsc4QsGZJw,The GPS That Told Me I Wasn't Home,"Aug 9, 2026",34,0
2026-09-07,Pjsc4QsGZJw,The GPS That Told Me I Wasn't Home,"Aug 9, 2026",34,0
2026-09-08,Pjsc4QsGZJw,The GPS That Told Me I Wasn't Home,"Aug 9, 2026",34,0
2026-09-09,Pjsc4QsGZJw,The GPS That Told Me I Wasn't Home,"Aug 9, 2026",34,0
2026-09-10,Pjsc4QsGZJw,The GPS That Told Me I Wasn't Home,"Aug 9, 2026",34,0
2026-09-11,Pjsc4QsGZJw,The GPS That Told Me I Wasn't Home,"Aug 9, 2026",34,0
2026-09-12,Pjsc4QsGZJw,The GPS That Told Me I Wasn't Home,"Aug 9, 2026",34,0
2026-09-13,Pjsc4QsGZJw,The GPS That Told Me I Wasn't Home,"Aug 9, 2026",34,0
2026-09-14,Pjsc4QsGZJw,The GPS That Told Me I Wasn't Home,"Aug 9, 2026",34,0
2026-09-15,Pjsc4QsGZJw,The GPS That Told Me I Wasn't Home,"Aug 9, 2026",34,0
2026-09-16,Pjsc4QsGZJw,The GPS That Told Me I Wasn't Home,"Aug 9, 2026",34,0
2026-09-17,Pjsc4QsGZJw,The GPS That Told Me I Wasn't Home,"Aug 9, 2026",34,0
2026-09-18,Pjsc4QsGZJw,The GPS That Told Me I Wasn't Home,"Aug 9, 2026",34,0
2026-09-19,Pjsc4QsGZJw,The GPS That Told Me I Wasn't Home,"Aug 9, 2026",34,0
2026-09-20,Pjsc4QsGZJw,The GPS That Told Me I Wasn't Home,"Aug 9, 2026",34,0
2025-09-21,_H7-sTEWFZI,The Basement Door That Used My Key,"Aug 7, 2026",24,0
2025-09-22,_H7-sTEWFZI,The Basement Door That Used My Key,"Aug 7, 2026",24,0
2025-09-23,_H7-sTEWFZI,The Basement Door That Used My Key,"Aug 7, 2026",24,0
2025-09-24,_H7-sTEWFZI,The Basement Door That Used My Key,"Aug 7, 2026",24,0
2025-09-25,_H7-sTEWFZI,The Basement Door That Used My Key,"Aug 7, 2026",24,0
2025-09-26,_H7-sTEWFZI,The Basement Door That Used My Key,"Aug 7, 2026",24,0
2025-09-27,_H7-sTEWFZI,The Basement Door That Used My Key,"Aug 7, 2026",24,0
2025-09-28,_H7-sTEWFZI,The Basement Door That Used My Key,"Aug 7, 2026",24,0
2025-09-29,_H7-sTEWFZI,The Basement Door That Used My Key,"Aug 7, 2026",24,0
2025-09-30,_H7-sTEWFZI,The Basement Door That Used My Key,"Aug 7, 2026",24,0
2025-10-01,_H7-sTEWFZI,The Basement Door That Used My Key,"Aug 7, 2026",24,0
2025-10-02,_H7-sTEWFZI,The Basement Door That Used My Key,"Aug 7, 2026",24,0
2025-10-03,_H7-sTEWFZI,The Basement Door That Used My Key,"Aug 7, 2026",24,0
2025-10-04,_H7-sTEWFZI,The Basement Door That Used My Key,"Aug 7, 2026",24,0
2025-10-05,_H7-sTEWFZI,The Basement Door That Used My Key,"Aug 7, 2026",24,0
2025-10-06,_H7-sTEWFZI,The Basement Door That Used My Key,"Aug 7, 2026",24,0
2025-10-07,_H7-sTEWFZI,The Basement Door That Used My Key,"Aug 7, 2026",24,0
2025-10-08,_H7-sTEWFZI,The Basement Door That Used My Key,"Aug 7, 2026",24,0
2025-10-09,_H7-sTEWFZI,The Basement Door That Used My Key,"Aug 7, 2026",24,0
2025-10-10,_H7-sTEWFZI,The Basement Door That Used My Key,"Aug 7, 2026",24,0
2025-10-11,_H7-sTEWFZI,The Basement Door That Used My Key,"Aug 7, 2026",24,0
2025-10-12,_H7-sTEWFZI,The Basement Door That Used My Key,"Aug 7, 2026",24,0
2025-10-13,_H7-sTEWFZI,The Basement Door That Used My Key,"Aug 7, 2026",24,0
2025-10-14,_H7-sTEWFZI,The Basement Door That Used My Key,"Aug 7, 2026",24,0
2025-10-15,_H7-sTEWFZI,The Basement Door That Used My Key,"Aug 7, 2026",24,0
2025-10-16,_H7-sTEWFZI,The Basement Door That Used My Key,"Aug 7, 2026",24,0
2025-10-17,_H7-sTEWFZI,The Basement Door That Used My Key,"Aug 7, 2026",24,0
2025-10-18,_H7-sTEWFZI,The Basement Door That Used My Key,"Aug 7, 2026",24,0
2025-10-19,_H7-sTEWFZI,The Basement Door That Used My Key,"Aug 7, 2026",24,0
2025-10-20,_H7-sTEWFZI,The Basement Door That Used My Key,"Aug 7, 2026",24,0
2025-10-21,_H7-sTEWFZI,The Basement Door That Used My Key,"Aug 7, 2026",24,0
2025-10-22,_H7-sTEWFZI,The Basement Door That Used My Key,"Aug 7, 2026",24,0
2025-10-23,_H7-sTEWFZI,The Basement Door That Used My Key,"Aug 7, 2026",24,0
2025-10-24,_H7-sTEWFZI,The Basement Door That Used My Key,"Aug 7, 2026",24,0
2025-10-25,_H7-sTEWFZI,The Basement Door That Used My Key,"Aug 7, 2026",24,0
2025-10-26,_H7-sTEWFZI,The Basement Door That Used My Key,"Aug 7, 2026",24,0
2025-10-27,_H7-sTEWFZI,The Basement Door That Used My Key,"Aug 7, 2026",24,0
2025-10-28,_H7-sTEWFZI,The Basement Door That Used My Key,"Aug 7, 2026",24,0
2025-10-29,_H7-sTEWFZI,The Basement Door That Used My Key,"Aug 7, 2026",24,0
2025-10-30,_H7-sTEWFZI,The Basement Door That Used My Key,"Aug 7, 2026",24,0
2025-10-31,_H7-sTEWFZI,The Basement Door That Used My Key,"Aug 7, 2026",24,0
2025-11-01,_H7-sTEWFZI,The Basement Door That Used My Key,"Aug 7, 2026",24,0
2025-11-02,_H7-sTEWFZI,The Basement Door That Used My Key,"Aug 7, 2026",24,0
2025-11-03,_H7-sTEWFZI,The Basement Door That Used My Key,"Aug 7, 2026",24,0
2025-11-04,_H7-sTEWFZI,The Basement Door That Used My Key,"Aug 7, 2026",24,0
2025-11-05,_H7-sTEWFZI,The Basement Door That Used My Key,"Aug 7, 2026",24,0
2025-11-06,_H7-sTEWFZI,The Basement Door That Used My Key,"Aug 7, 2026",24,0
2025-11-07,_H7-sTEWFZI,The Basement Door That Used My Key,"Aug 7, 2026",24,0
2025-11-08,_H7-sTEWFZI,The Basement Door That Used My Key,"Aug 7, 2026",24,0
2025-11-09,_H7-sTEWFZI,The Basement Door That Used My Key,"Aug 7, 2026",24,0
2025-11-10,_H7-sTEWFZI,The Basement Door That Used My Key,"Aug 7, 2026",24,0
2025-11-11,_H7-sTEWFZI,The Basement Door That Used My Key,"Aug 7, 2026",24,0
2025-11-12,_H7-sTEWFZI,The Basement Door That Used My Key,"Aug 7, 2026",24,0
2025-11-13,_H7-sTEWFZI,The Basement Door That Used My Key,"Aug 7, 2026",24,0
2025-11-14,_H7-sTEWFZI,The Basement Door That Used My Key,"Aug 7, 2026",24,0
2025-11-15,_H7-sTEWFZI,The Basement Door That Used My Key,"Aug 7, 2026",24,0
2025-11-16,_H7-sTEWFZI,The Basement Door That Used My Key,"Aug 7, 2026",24,0
2025-11-17,_H7-sTEWFZI,The Basement Door That Used My Key,"Aug 7, 2026",24,0
2025-11-18,_H7-sTEWFZI,The Basement Door That Used My Key,"Aug 7, 2026",24,0
2025-11-19,_H7-sTEWFZI,The Basement Door That Used My Key,"Aug 7, 2026",24,0
2025-11-20,_H7-sTEWFZI,The Basement Door That Used My Key,"Aug 7, 2026",24,0
2025-11-21,_H7-sTEWFZI,The Basement Door That Used My Key,"Aug 7, 2026",24,0
2025-11-22,_H7-sTEWFZI,The Basement Door That Used My Key,"Aug 7, 2026",24,0
2025-11-23,_H7-sTEWFZI,The Basement Door That Used My Key,"Aug 7, 2026",24,0
2025-11-24,_H7-sTEWFZI,The Basement Door That Used My Key,"Aug 7, 2026",24,0
2025-11-25,_H7-sTEWFZI,The Basement Door That Used My Key,"Aug 7, 2026",24,0
2025-11-26,_H7-sTEWFZI,The Basement Door That Used My Key,"Aug 7, 2026",24,0
2025-11-27,_H7-sTEWFZI,The Basement Door That Used My Key,"Aug 7, 2026",24,0
2025-11-28,_H7-sTEWFZI,The Basement Door That Used My Key,"Aug 7, 2026",24,0
2025-11-29,_H7-sTEWFZI,The Basement Door That Used My Key,"Aug 7, 2026",24,0
2025-11-30,_H7-sTEWFZI,The Basement Door That Used My Key,"Aug 7, 2026",24,0
2025-12-01,_H7-sTEWFZI,The Basement Door That Used My Key,"Aug 7, 2026",24,0
2025-12-02,_H7-sTEWFZI,The Basement Door That Used My Key,"Aug 7, 2026",24,0
2025-12-03,_H7-sTEWFZI,The Basement Door That Used My Key,"Aug 7, 2026",24,0
2025-12-04,_H7-sTEWFZI,The Basement Door That Used My Key,"Aug 7, 2026",24,0
2025-12-05,_H7-sTEWFZI,The Basement Door That Used My Key,"Aug 7, 2026",24,0
2025-12-06,_H7-sTEWFZI,The Basement Door That Used My Key,"Aug 7, 2026",24,0
2025-12-07,_H7-sTEWFZI,The Basement Door That Used My Key,"Aug 7, 2026",24,0
2025-12-08,_H7-sTEWFZI,The Basement Door That Used My Key,"Aug 7, 2026",24,0
2025-12-09,_H7-sTEWFZI,The Basement Door That Used My Key,"Aug 7, 2026",24,0
2025-12-10,_H7-sTEWFZI,The Basement Door That Used My Key,"Aug 7, 2026",24,0
2025-12-11,_H7-sTEWFZI,The Basement Door That Used My Key,"Aug 7, 2026",24,0
2025-12-12,_H7-sTEWFZI,The Basement Door That Used My Key,"Aug 7, 2026",24,0
2025-12-13,_H7-sTEWFZI,The Basement Door That Used My Key,"Aug 7, 2026",24,0
2025-12-14,_H7-sTEWFZI,The Basement Door That Used My Key,"Aug 7, 2026",24,0
2025-12-15,_H7-sTEWFZI,The Basement Door That Used My Key,"Aug 7, 2026",24,0
2025-12-16,_H7-sTEWFZI,The Basement Door That Used My Key,"Aug 7, 2026",24,0
2025-12-17,_H7-sTEWFZI,The Basement Door That Used My Key,"Aug 7, 2026",24,0
2025-12-18,_H7-sTEWFZI,The Basement Door That Used My Key,"Aug 7, 2026",24,0
2025-12-19,_H7-sTEWFZI,The Basement Door That Used My Key,"Aug 7, 2026",24,0
2025-12-20,_H7-sTEWFZI,The Basement Door That Used My Key,"Aug 7, 2026",24,0
2025-12-21,_H7-sTEWFZI,The Basement Door That Used My Key,"Aug 7, 2026",24,0
2025-12-22,_H7-sTEWFZI,The Basement Door That Used My Key,"Aug 7, 2026",24,0
2025-12-23,_H7-sTEWFZI,The Basement Door That Used My Key,"Aug 7, 2026",24,0
2025-12-24,_H7-sTEWFZI,The Basement Door That Used My Key,"Aug 7, 2026",24,0
2025-12-25,_H7-sTEWFZI,The Basement Door That Used My Key,"Aug 7, 2026",24,0
2025-12-26,_H7-sTEWFZI,The Basement Door That Used My Key,"Aug 7, 2026",24,0
2025-12-27,_H7-sTEWFZI,The Basement Door That Used My Key,"Aug 7, 2026",24,0
2025-12-28,_H7-sTEWFZI,The Basement Door That Used My Key,"Aug 7, 2026",24,0
2025-12-29,_H7-sTEWFZI,The Basement Door That Used My Key,"Aug 7, 2026",24,0
2025-12-30,_H7-sTEWFZI,The Basement Door That Used My Key,"Aug 7, 2026",24,0
2025-12-31,_H7-sTEWFZI,The Basement Door That Used My Key,"Aug 7, 2026",24,0
2026-01-01,_H7-sTEWFZI,The Basement Door That Used My Key,"Aug 7, 2026",24,0
2026-01-02,_H7-sTEWFZI,The Basement Door That Used My Key,"Aug 7, 2026",24,0
2026-01-03,_H7-sTEWFZI,The Basement Door That Used My Key,"Aug 7, 2026",24,0
2026-01-04,_H7-sTEWFZI,The Basement Door That Used My Key,"Aug 7, 2026",24,0
2026-01-05,_H7-sTEWFZI,The Basement Door That Used My Key,"Aug 7, 2026",24,0
2026-01-06,_H7-sTEWFZI,The Basement Door That Used My Key,"Aug 7, 2026",24,0
2026-01-07,_H7-sTEWFZI,The Basement Door That Used My Key,"Aug 7, 2026",24,0
2026-01-08,_H7-sTEWFZI,The Basement Door That Used My Key,"Aug 7, 2026",24,0
2026-01-09,_H7-sTEWFZI,The Basement Door That Used My Key,"Aug 7, 2026",24,0
2026-01-10,_H7-sTEWFZI,The Basement Door That Used My Key,"Aug 7, 2026",24,0
2026-01-11,_H7-sTEWFZI,The Basement Door That Used My Key,"Aug 7, 2026",24,0
2026-01-12,_H7-sTEWFZI,The Basement Door That Used My Key,"Aug 7, 2026",24,0
2026-01-13,_H7-sTEWFZI,The Basement Door That Used My Key,"Aug 7, 2026",24,0
2026-01-14,_H7-sTEWFZI,The Basement Door That Used My Key,"Aug 7, 2026",24,0
2026-01-15,_H7-sTEWFZI,The Basement Door That Used My Key,"Aug 7, 2026",24,0
2026-01-16,_H7-sTEWFZI,The Basement Door That Used My Key,"Aug 7, 2026",24,0
2026-01-17,_H7-sTEWFZI,The Basement Door That Used My Key,"Aug 7, 2026",24,0
2026-01-18,_H7-sTEWFZI,The Basement Door That Used My Key,"Aug 7, 2026",24,0
2026-01-19,_H7-sTEWFZI,The Basement Door That Used My Key,"Aug 7, 2026",24,0
2026-01-20,_H7-sTEWFZI,The Basement Door That Used My Key,"Aug 7, 2026",24,0
2026-01-21,_H7-sTEWFZI,The Basement Door That Used My Key,"Aug 7, 2026",24,0
2026-01-22,_H7-sTEWFZI,The Basement Door That Used My Key,"Aug 7, 2026",24,0
2026-01-23,_H7-sTEWFZI,The Basement Door That Used My Key,"Aug 7, 2026",24,0
2026-01-24,_H7-sTEWFZI,The Basement Door That Used My Key,"Aug 7, 2026",24,0
2026-01-25,_H7-sTEWFZI,The Basement Door That Used My Key,"Aug 7, 2026",24,0
2026-01-26,_H7-sTEWFZI,The Basement Door That Used My Key,"Aug 7, 2026",24,0
2026-01-27,_H7-sTEWFZI,The Basement Door That Used My Key,"Aug 7, 2026",24,0
2026-01-28,_H7-sTEWFZI,The Basement Door That Used My Key,"Aug 7, 2026",24,0
2026-01-29,_H7-sTEWFZI,The Basement Door That Used My Key,"Aug 7, 2026",24,0
2026-01-30,_H7-sTEWFZI,The Basement Door That Used My Key,"Aug 7, 2026",24,0
2026-01-31,_H7-sTEWFZI,The Basement Door That Used My Key,"Aug 7, 2026",24,0
2026-02-01,_H7-sTEWFZI,The Basement Door That Used My Key,"Aug 7, 2026",24,0
2026-02-02,_H7-sTEWFZI,The Basement Door That Used My Key,"Aug 7, 2026",24,0
2026-02-03,_H7-sTEWFZI,The Basement Door That Used My Key,"Aug 7, 2026",24,0
2026-02-04,_H7-sTEWFZI,The Basement Door That Used My Key,"Aug 7, 2026",24,0
2026-02-05,_H7-sTEWFZI,The Basement Door That Used My Key,"Aug 7, 2026",24,0
2026-02-06,_H7-sTEWFZI,The Basement Door That Used My Key,"Aug 7, 2026",24,0
2026-02-07,_H7-sTEWFZI,The Basement Door That Used My Key,"Aug 7, 2026",24,0
2026-02-08,_H7-sTEWFZI,The Basement Door That Used My Key,"Aug 7, 2026",24,0
2026-02-09,_H7-sTEWFZI,The Basement Door That Used My Key,"Aug 7, 2026",24,0
2026-02-10,_H7-sTEWFZI,The Basement Door That Used My Key,"Aug 7, 2026",24,0
2026-02-11,_H7-sTEWFZI,The Basement Door That Used My Key,"Aug 7, 2026",24,0
2026-02-12,_H7-sTEWFZI,The Basement Door That Used My Key,"Aug 7, 2026",24,0
2026-02-13,_H7-sTEWFZI,The Basement Door That Used My Key,"Aug 7, 2026",24,0
2026-02-14,_H7-sTEWFZI,The Basement Door That Used My Key,"Aug 7, 2026",24,0
2026-02-15,_H7-sTEWFZI,The Basement Door That Used My Key,"Aug 7, 2026",24,0
2026-02-16,_H7-sTEWFZI,The Basement Door That Used My Key,"Aug 7, 2026",24,0
2026-02-17,_H7-sTEWFZI,The Basement Door That Used My Key,"Aug 7, 2026",24,0
2026-02-18,_H7-sTEWFZI,The Basement Door That Used My Key,"Aug 7, 2026",24,0
2026-02-19,_H7-sTEWFZI,The Basement Door That Used My Key,"Aug 7, 2026",24,0
2026-02-20,_H7-sTEWFZI,The Basement Door That Used My Key,"Aug 7, 2026",24,0
2026-02-21,_H7-sTEWFZI,The Basement Door That Used My Key,"Aug 7, 2026",24,0
2026-02-22,_H7-sTEWFZI,The Basement Door That Used My Key,"Aug 7, 2026",24,0
2026-02-23,_H7-sTEWFZI,The Basement Door That Used My Key,"Aug 7, 2026",24,0
2026-02-24,_H7-sTEWFZI,The Basement Door That Used My Key,"Aug 7, 2026",24,0
2026-02-25,_H7-sTEWFZI,The Basement Door That Used My Key,"Aug 7, 2026",24,0
2026-02-26,_H7-sTEWFZI,The Basement Door That Used My Key,"Aug 7, 2026",24,0
2026-02-27,_H7-sTEWFZI,The Basement Door That Used My Key,"Aug 7, 2026",24,0
2026-02-28,_H7-sTEWFZI,The Basement Door That Used My Key,"Aug 7, 2026",24,0
2026-03-01,_H7-sTEWFZI,The Basement Door That Used My Key,"Aug 7, 2026",24,0
2026-03-02,_H7-sTEWFZI,The Basement Door That Used My Key,"Aug 7, 2026",24,0
2026-03-03,_H7-sTEWFZI,The Basement Door That Used My Key,"Aug 7, 2026",24,0
2026-03-04,_H7-sTEWFZI,The Basement Door That Used My Key,"Aug 7, 2026",24,0
2026-03-05,_H7-sTEWFZI,The Basement Door That Used My Key,"Aug 7, 2026",24,0
2026-03-06,_H7-sTEWFZI,The Basement Door That Used My Key,"Aug 7, 2026",24,0
2026-03-07,_H7-sTEWFZI,The Basement Door That Used My Key,"Aug 7, 2026",24,0
2026-03-08,_H7-sTEWFZI,The Basement Door That Used My Key,"Aug 7, 2026",24,0
2026-03-09,_H7-sTEWFZI,The Basement Door That Used My Key,"Aug 7, 2026",24,0
2026-03-10,_H7-sTEWFZI,The Basement Door That Used My Key,"Aug 7, 2026",24,0
2026-03-11,_H7-sTEWFZI,The Basement Door That Used My Key,"Aug 7, 2026",24,0
2026-03-12,_H7-sTEWFZI,The Basement Door That Used My Key,"Aug 7, 2026",24,0
2026-03-13,_H7-sTEWFZI,The Basement Door That Used My Key,"Aug 7, 2026",24,0
2026-03-14,_H7-sTEWFZI,The Basement Door That Used My Key,"Aug 7, 2026",24,0
2026-03-15,_H7-sTEWFZI,The Basement Door That Used My Key,"Aug 7, 2026",24,0
2026-03-16,_H7-sTEWFZI,The Basement Door That Used My Key,"Aug 7, 2026",24,0
2026-03-17,_H7-sTEWFZI,The Basement Door That Used My Key,"Aug 7, 2026",24,0
2026-03-18,_H7-sTEWFZI,The Basement Door That Used My Key,"Aug 7, 2026",24,0
2026-03-19,_H7-sTEWFZI,The Basement Door That Used My Key,"Aug 7, 2026",24,0
2026-03-20,_H7-sTEWFZI,The Basement Door That Used My Key,"Aug 7, 2026",24,0
2026-03-21,_H7-sTEWFZI,The Basement Door That Used My Key,"Aug 7, 2026",24,0
2026-03-22,_H7-sTEWFZI,The Basement Door That Used My Key,"Aug 7, 2026",24,0
2026-03-23,_H7-sTEWFZI,The Basement Door That Used My Key,"Aug 7, 2026",24,0
2026-03-24,_H7-sTEWFZI,The Basement Door That Used My Key,"Aug 7, 2026",24,0
2026-03-25,_H7-sTEWFZI,The Basement Door That Used My Key,"Aug 7, 2026",24,0
2026-03-26,_H7-sTEWFZI,The Basement Door That Used My Key,"Aug 7, 2026",24,0
2026-03-27,_H7-sTEWFZI,The Basement Door That Used My Key,"Aug 7, 2026",24,0
2026-03-28,_H7-sTEWFZI,The Basement Door That Used My Key,"Aug 7, 2026",24,0
2026-03-29,_H7-sTEWFZI,The Basement Door That Used My Key,"Aug 7, 2026",24,0
2026-03-30,_H7-sTEWFZI,The Basement Door That Used My Key,"Aug 7, 2026",24,0
2026-03-31,_H7-sTEWFZI,The Basement Door That Used My Key,"Aug 7, 2026",24,0
2026-04-01,_H7-sTEWFZI,The Basement Door That Used My Key,"Aug 7, 2026",24,0
2026-04-02,_H7-sTEWFZI,The Basement Door That Used My Key,"Aug 7, 2026",24,0
2026-04-03,_H7-sTEWFZI,The Basement Door That Used My Key,"Aug 7, 2026",24,0
2026-04-04,_H7-sTEWFZI,The Basement Door That Used My Key,"Aug 7, 2026",24,0
2026-04-05,_H7-sTEWFZI,The Basement Door That Used My Key,"Aug 7, 2026",24,0
2026-04-06,_H7-sTEWFZI,The Basement Door That Used My Key,"Aug 7, 2026",24,0
2026-04-07,_H7-sTEWFZI,The Basement Door That Used My Key,"Aug 7, 2026",24,0
2026-04-08,_H7-sTEWFZI,The Basement Door That Used My Key,"Aug 7, 2026",24,0
2026-04-09,_H7-sTEWFZI,The Basement Door That Used My Key,"Aug 7, 2026",24,0
2026-04-10,_H7-sTEWFZI,The Basement Door That Used My Key,"Aug 7, 2026",24,0
2026-04-11,_H7-sTEWFZI,The Basement Door That Used My Key,"Aug 7, 2026",24,0
2026-04-12,_H7-sTEWFZI,The Basement Door That Used My Key,"Aug 7, 2026",24,0
2026-04-13,_H7-sTEWFZI,The Basement Door That Used My Key,"Aug 7, 2026",24,0
2026-04-14,_H7-sTEWFZI,The Basement Door That Used My Key,"Aug 7, 2026",24,0
2026-04-15,_H7-sTEWFZI,The Basement Door That Used My Key,"Aug 7, 2026",24,0
2026-04-16,_H7-sTEWFZI,The Basement Door That Used My Key,"Aug 7, 2026",24,0
2026-04-17,_H7-sTEWFZI,The Basement Door That Used My Key,"Aug 7, 2026",24,0
2026-04-18,_H7-sTEWFZI,The Basement Door That Used My Key,"Aug 7, 2026",24,0
2026-04-19,_H7-sTEWFZI,The Basement Door That Used My Key,"Aug 7, 2026",24,0
2026-04-20,_H7-sTEWFZI,The Basement Door That Used My Key,"Aug 7, 2026",24,0
2026-04-21,_H7-sTEWFZI,The Basement Door That Used My Key,"Aug 7, 2026",24,0
2026-04-22,_H7-sTEWFZI,The Basement Door That Used My Key,"Aug 7, 2026",24,0
2026-04-23,_H7-sTEWFZI,The Basement Door That Used My Key,"Aug 7, 2026",24,0
2026-04-24,_H7-sTEWFZI,The Basement Door That Used My Key,"Aug 7, 2026",24,0
2026-04-25,_H7-sTEWFZI,The Basement Door That Used My Key,"Aug 7, 2026",24,0
2026-04-26,_H7-sTEWFZI,The Basement Door That Used My Key,"Aug 7, 2026",24,0
2026-04-27,_H7-sTEWFZI,The Basement Door That Used My Key,"Aug 7, 2026",24,0
2026-04-28,_H7-sTEWFZI,The Basement Door That Used My Key,"Aug 7, 2026",24,0
2026-04-29,_H7-sTEWFZI,The Basement Door That Used My Key,"Aug 7, 2026",24,0
2026-04-30,_H7-sTEWFZI,The Basement Door That Used My Key,"Aug 7, 2026",24,0
2026-05-01,_H7-sTEWFZI,The Basement Door That Used My Key,"Aug 7, 2026",24,0
2026-05-02,_H7-sTEWFZI,The Basement Door That Used My Key,"Aug 7, 2026",24,0
2026-05-03,_H7-sTEWFZI,The Basement Door That Used My Key,"Aug 7, 2026",24,0
2026-05-04,_H7-sTEWFZI,The Basement Door That Used My Key,"Aug 7, 2026",24,0
2026-05-05,_H7-sTEWFZI,The Basement Door That Used My Key,"Aug 7, 2026",24,0
2026-05-06,_H7-sTEWFZI,The Basement Door That Used My Key,"Aug 7, 2026",24,0
2026-05-07,_H7-sTEWFZI,The Basement Door That Used My Key,"Aug 7, 2026",24,0
2026-05-08,_H7-sTEWFZI,The Basement Door That Used My Key,"Aug 7, 2026",24,0
2026-05-09,_H7-sTEWFZI,The Basement Door That Used My Key,"Aug 7, 2026",24,0
2026-05-10,_H7-sTEWFZI,The Basement Door That Used My Key,"Aug 7, 2026",24,0
2026-05-11,_H7-sTEWFZI,The Basement Door That Used My Key,"Aug 7, 2026",24,0
2026-05-12,_H7-sTEWFZI,The Basement Door That Used My Key,"Aug 7, 2026",24,0
2026-05-13,_H7-sTEWFZI,The Basement Door That Used My Key,"Aug 7, 2026",24,0
2026-05-14,_H7-sTEWFZI,The Basement Door That Used My Key,"Aug 7, 2026",24,0
2026-05-15,_H7-sTEWFZI,The Basement Door That Used My Key,"Aug 7, 2026",24,0
2026-05-16,_H7-sTEWFZI,The Basement Door That Used My Key,"Aug 7, 2026",24,0
2026-05-17,_H7-sTEWFZI,The Basement Door That Used My Key,"Aug 7, 2026",24,0
2026-05-18,_H7-sTEWFZI,The Basement Door That Used My Key,"Aug 7, 2026",24,0
2026-05-19,_H7-sTEWFZI,The Basement Door That Used My Key,"Aug 7, 2026",24,0
2026-05-20,_H7-sTEWFZI,The Basement Door That Used My Key,"Aug 7, 2026",24,0
2026-05-21,_H7-sTEWFZI,The Basement Door That Used My Key,"Aug 7, 2026",24,0
2026-05-22,_H7-sTEWFZI,The Basement Door That Used My Key,"Aug 7, 2026",24,0
2026-05-23,_H7-sTEWFZI,The Basement Door That Used My Key,"Aug 7, 2026",24,0
2026-05-24,_H7-sTEWFZI,The Basement Door That Used My Key,"Aug 7, 2026",24,0
2026-05-25,_H7-sTEWFZI,The Basement Door That Used My Key,"Aug 7, 2026",24,0
2026-05-26,_H7-sTEWFZI,The Basement Door That Used My Key,"Aug 7, 2026",24,0
2026-05-27,_H7-sTEWFZI,The Basement Door That Used My Key,"Aug 7, 2026",24,0
2026-05-28,_H7-sTEWFZI,The Basement Door That Used My Key,"Aug 7, 2026",24,0
2026-05-29,_H7-sTEWFZI,The Basement Door That Used My Key,"Aug 7, 2026",24,0
2026-05-30,_H7-sTEWFZI,The Basement Door That Used My Key,"Aug 7, 2026",24,0
2026-05-31,_H7-sTEWFZI,The Basement Door That Used My Key,"Aug 7, 2026",24,0
2026-06-01,_H7-sTEWFZI,The Basement Door That Used My Key,"Aug 7, 2026",24,0
2026-06-02,_H7-sTEWFZI,The Basement Door That Used My Key,"Aug 7, 2026",24,0
2026-06-03,_H7-sTEWFZI,The Basement Door That Used My Key,"Aug 7, 2026",24,0
2026-06-04,_H7-sTEWFZI,The Basement Door That Used My Key,"Aug 7, 2026",24,0
2026-06-05,_H7-sTEWFZI,The Basement Door That Used My Key,"Aug 7, 2026",24,0
2026-06-06,_H7-sTEWFZI,The Basement Door That Used My Key,"Aug 7, 2026",24,0
2026-06-07,_H7-sTEWFZI,The Basement Door That Used My Key,"Aug 7, 2026",24,0
2026-06-08,_H7-sTEWFZI,The Basement Door That Used My Key,"Aug 7, 2026",24,0
2026-06-09,_H7-sTEWFZI,The Basement Door That Used My Key,"Aug 7, 2026",24,0
2026-06-10,_H7-sTEWFZI,The Basement Door That Used My Key,"Aug 7, 2026",24,0
2026-06-11,_H7-sTEWFZI,The Basement Door That Used My Key,"Aug 7, 2026",24,0
2026-06-12,_H7-sTEWFZI,The Basement Door That Used My Key,"Aug 7, 2026",24,0
2026-06-13,_H7-sTEWFZI,The Basement Door That Used My Key,"Aug 7, 2026",24,0
2026-06-14,_H7-sTEWFZI,The Basement Door That Used My Key,"Aug 7, 2026",24,0
2026-06-15,_H7-sTEWFZI,The Basement Door That Used My Key,"Aug 7, 2026",24,0
2026-06-16,_H7-sTEWFZI,The Basement Door That Used My Key,"Aug 7, 2026",24,0
2026-06-17,_H7-sTEWFZI,The Basement Door That Used My Key,"Aug 7, 2026",24,0
2026-06-18,_H7-sTEWFZI,The Basement Door That Used My Key,"Aug 7, 2026",24,0
2026-06-19,_H7-sTEWFZI,The Basement Door That Used My Key,"Aug 7, 2026",24,0
2026-06-20,_H7-sTEWFZI,The Basement Door That Used My Key,"Aug 7, 2026",24,0
2026-06-21,_H7-sTEWFZI,The Basement Door That Used My Key,"Aug 7, 2026",24,0
2026-06-22,_H7-sTEWFZI,The Basement Door That Used My Key,"Aug 7, 2026",24,0
2026-06-23,_H7-sTEWFZI,The Basement Door That Used My Key,"Aug 7, 2026",24,0
2026-06-24,_H7-sTEWFZI,The Basement Door That Used My Key,"Aug 7, 2026",24,0
2026-06-25,_H7-sTEWFZI,The Basement Door That Used My Key,"Aug 7, 2026",24,0
2026-06-26,_H7-sTEWFZI,The Basement Door That Used My Key,"Aug 7, 2026",24,0
2026-06-27,_H7-sTEWFZI,The Basement Door That Used My Key,"Aug 7, 2026",24,0
2026-06-28,_H7-sTEWFZI,The Basement Door That Used My Key,"Aug 7, 2026",24,0
2026-06-29,_H7-sTEWFZI,The Basement Door That Used My Key,"Aug 7, 2026",24,0
2026-06-30,_H7-sTEWFZI,The Basement Door That Used My Key,"Aug 7, 2026",24,0
2026-07-01,_H7-sTEWFZI,The Basement Door That Used My Key,"Aug 7, 2026",24,0
2026-07-02,_H7-sTEWFZI,The Basement Door That Used My Key,"Aug 7, 2026",24,0
2026-07-03,_H7-sTEWFZI,The Basement Door That Used My Key,"Aug 7, 2026",24,0
2026-07-04,_H7-sTEWFZI,The Basement Door That Used My Key,"Aug 7, 2026",24,0
2026-07-05,_H7-sTEWFZI,The Basement Door That Used My Key,"Aug 7, 2026",24,0
2026-07-06,_H7-sTEWFZI,The Basement Door That Used My Key,"Aug 7, 2026",24,0
2026-07-07,_H7-sTEWFZI,The Basement Door That Used My Key,"Aug 7, 2026",24,0
2026-07-08,_H7-sTEWFZI,The Basement Door That Used My Key,"Aug 7, 2026",24,0
2026-07-09,_H7-sTEWFZI,The Basement Door That Used My Key,"Aug 7, 2026",24,0
2026-07-10,_H7-sTEWFZI,The Basement Door That Used My Key,"Aug 7, 2026",24,0
2026-07-11,_H7-sTEWFZI,The Basement Door That Used My Key,"Aug 7, 2026",24,0
2026-07-12,_H7-sTEWFZI,The Basement Door That Used My Key,"Aug 7, 2026",24,0
2026-07-13,_H7-sTEWFZI,The Basement Door That Used My Key,"Aug 7, 2026",24,0
2026-07-14,_H7-sTEWFZI,The Basement Door That Used My Key,"Aug 7, 2026",24,0
2026-07-15,_H7-sTEWFZI,The Basement Door That Used My Key,"Aug 7, 2026",24,0
2026-07-16,_H7-sTEWFZI,The Basement Door That Used My Key,"Aug 7, 2026",24,0
2026-07-17,_H7-sTEWFZI,The Basement Door That Used My Key,"Aug 7, 2026",24,0
2026-07-18,_H7-sTEWFZI,The Basement Door That Used My Key,"Aug 7, 2026",24,0
2026-07-19,_H7-sTEWFZI,The Basement Door That Used My Key,"Aug 7, 2026",24,0
2026-07-20,_H7-sTEWFZI,The Basement Door That Used My Key,"Aug 7, 2026",24,0
2026-07-21,_H7-sTEWFZI,The Basement Door That Used My Key,"Aug 7, 2026",24,0
2026-07-22,_H7-sTEWFZI,The Basement Door That Used My Key,"Aug 7, 2026",24,0
2026-07-23,_H7-sTEWFZI,The Basement Door That Used My Key,"Aug 7, 2026",24,0
2026-07-24,_H7-sTEWFZI,The Basement Door That Used My Key,"Aug 7, 2026",24,0
2026-07-25,_H7-sTEWFZI,The Basement Door That Used My Key,"Aug 7, 2026",24,0
2026-07-26,_H7-sTEWFZI,The Basement Door That Used My Key,"Aug 7, 2026",24,0
2026-07-27,_H7-sTEWFZI,The Basement Door That Used My Key,"Aug 7, 2026",24,0
2026-07-28,_H7-sTEWFZI,The Basement Door That Used My Key,"Aug 7, 2026",24,0
2026-07-29,_H7-sTEWFZI,The Basement Door That Used My Key,"Aug 7, 2026",24,0
2026-07-30,_H7-sTEWFZI,The Basement Door That Used My Key,"Aug 7, 2026",24,0
2026-07-31,_H7-sTEWFZI,The Basement Door That Used My Key,"Aug 7, 2026",24,0
2026-08-01,_H7-sTEWFZI,The Basement Door That Used My Key,"Aug 7, 2026",24,0
2026-08-02,_H7-sTEWFZI,The Basement Door That Used My Key,"Aug 7, 2026",24,0
2026-08-03,_H7-sTEWFZI,The Basement Door That Used My Key,"Aug 7, 2026",24,0
2026-08-04,_H7-sTEWFZI,The Basement Door That Used My Key,"Aug 7, 2026",24,0
2026-08-05,_H7-sTEWFZI,The Basement Door That Used My Key,"Aug 7, 2026",24,0
2026-08-06,_H7-sTEWFZI,The Basement Door That Used My Key,"Aug 7, 2026",24,0
2026-08-07,_H7-sTEWFZI,The Basement Door That Used My Key,"Aug 7, 2026",24,439
2026-08-08,_H7-sTEWFZI,The Basement Door That Used My Key,"Aug 7, 2026",24,57
2026-08-09,_H7-sTEWFZI,The Basement Door That Used My Key,"Aug 7, 2026",24,3
2026-08-10,_H7-sTEWFZI,The Basement Door That Used My Key,"Aug 7, 2026",24,0
2026-08-11,_H7-sTEWFZI,The Basement Door That Used My Key,"Aug 7, 2026",24,0
2026-08-12,_H7-sTEWFZI,The Basement Door That Used My Key,"Aug 7, 2026",24,0
2026-08-13,_H7-sTEWFZI,The Basement Door That Used My Key,"Aug 7, 2026",24,0
2026-08-14,_H7-sTEWFZI,The Basement Door That Used My Key,"Aug 7, 2026",24,0
2026-08-15,_H7-sTEWFZI,The Basement Door That Used My Key,"Aug 7, 2026",24,0
2026-08-16,_H7-sTEWFZI,The Basement Door That Used My Key,"Aug 7, 2026",24,0
2026-08-17,_H7-sTEWFZI,The Basement Door That Used My Key,"Aug 7, 2026",24,0
2026-08-18,_H7-sTEWFZI,The Basement Door That Used My Key,"Aug 7, 2026",24,0
2026-08-19,_H7-sTEWFZI,The Basement Door That Used My Key,"Aug 7, 2026",24,0
2026-08-20,_H7-sTEWFZI,The Basement Door That Used My Key,"Aug 7, 2026",24,0
2026-08-21,_H7-sTEWFZI,The Basement Door That Used My Key,"Aug 7, 2026",24,0
2026-08-22,_H7-sTEWFZI,The Basement Door That Used My Key,"Aug 7, 2026",24,0
2026-08-23,_H7-sTEWFZI,The Basement Door That Used My Key,"Aug 7, 2026",24,0
2026-08-24,_H7-sTEWFZI,The Basement Door That Used My Key,"Aug 7, 2026",24,0
2026-08-25,_H7-sTEWFZI,The Basement Door That Used My Key,"Aug 7, 2026",24,0
2026-08-26,_H7-sTEWFZI,The Basement Door That Used My Key,"Aug 7, 2026",24,0
2026-08-27,_H7-sTEWFZI,The Basement Door That Used My Key,"Aug 7, 2026",24,0
2026-08-28,_H7-sTEWFZI,The Basement Door That Used My Key,"Aug 7, 2026",24,0
2026-08-29,_H7-sTEWFZI,The Basement Door That Used My Key,"Aug 7, 2026",24,0
2026-08-30,_H7-sTEWFZI,The Basement Door That Used My Key,"Aug 7, 2026",24,0
2026-08-31,_H7-sTEWFZI,The Basement Door That Used My Key,"Aug 7, 2026",24,0
2026-09-01,_H7-sTEWFZI,The Basement Door That Used My Key,"Aug 7, 2026",24,0
2026-09-02,_H7-sTEWFZI,The Basement Door That Used My Key,"Aug 7, 2026",24,0
2026-09-03,_H7-sTEWFZI,The Basement Door That Used My Key,"Aug 7, 2026",24,0
2026-09-04,_H7-sTEWFZI,The Basement Door That Used My Key,"Aug 7, 2026",24,0
2026-09-05,_H7-sTEWFZI,The Basement Door That Used My Key,"Aug 7, 2026",24,0
2026-09-06,_H7-sTEWFZI,The Basement Door That Used My Key,"Aug 7, 2026",24,0
2026-09-07,_H7-sTEWFZI,The Basement Door That Used My Key,"Aug 7, 2026",24,0
2026-09-08,_H7-sTEWFZI,The Basement Door That Used My Key,"Aug 7, 2026",24,0
2026-09-09,_H7-sTEWFZI,The Basement Door That Used My Key,"Aug 7, 2026",24,0
2026-09-10,_H7-sTEWFZI,The Basement Door That Used My Key,"Aug 7, 2026",24,0
2026-09-11,_H7-sTEWFZI,The Basement Door That Used My Key,"Aug 7, 2026",24,0
2026-09-12,_H7-sTEWFZI,The Basement Door That Used My Key,"Aug 7, 2026",24,0
2026-09-13,_H7-sTEWFZI,The Basement Door That Used My Key,"Aug 7, 2026",24,0
2026-09-14,_H7-sTEWFZI,The Basement Door That Used My Key,"Aug 7, 2026",24,0
2026-09-15,_H7-sTEWFZI,The Basement Door That Used My Key,"Aug 7, 2026",24,0
2026-09-16,_H7-sTEWFZI,The Basement Door That Used My Key,"Aug 7, 2026",24,0
2026-09-17,_H7-sTEWFZI,The Basement Door That Used My Key,"Aug 7, 2026",24,0
2026-09-18,_H7-sTEWFZI,The Basement Door That Used My Key,"Aug 7, 2026",24,0
2026-09-19,_H7-sTEWFZI,The Basement Door That Used My Key,"Aug 7, 2026",24,0
2026-09-20,_H7-sTEWFZI,The Basement Door That Used My Key,"Aug 7, 2026",24,0
2025-09-21,csqoVsbwxKU,The Key That Opened My Childhood Room,"Aug 8, 2026",36,0
2025-09-22,csqoVsbwxKU,The Key That Opened My Childhood Room,"Aug 8, 2026",36,0
2025-09-23,csqoVsbwxKU,The Key That Opened My Childhood Room,"Aug 8, 2026",36,0
2025-09-24,csqoVsbwxKU,The Key That Opened My Childhood Room,"Aug 8, 2026",36,0
2025-09-25,csqoVsbwxKU,The Key That Opened My Childhood Room,"Aug 8, 2026",36,0
2025-09-26,csqoVsbwxKU,The Key That Opened My Childhood Room,"Aug 8, 2026",36,0
2025-09-27,csqoVsbwxKU,The Key That Opened My Childhood Room,"Aug 8, 2026",36,0
2025-09-28,csqoVsbwxKU,The Key That Opened My Childhood Room,"Aug 8, 2026",36,0
2025-09-29,csqoVsbwxKU,The Key That Opened My Childhood Room,"Aug 8, 2026",36,0
2025-09-30,csqoVsbwxKU,The Key That Opened My Childhood Room,"Aug 8, 2026",36,0
2025-10-01,csqoVsbwxKU,The Key That Opened My Childhood Room,"Aug 8, 2026",36,0
2025-10-02,csqoVsbwxKU,The Key That Opened My Childhood Room,"Aug 8, 2026",36,0
2025-10-03,csqoVsbwxKU,The Key That Opened My Childhood Room,"Aug 8, 2026",36,0
2025-10-04,csqoVsbwxKU,The Key That Opened My Childhood Room,"Aug 8, 2026",36,0
2025-10-05,csqoVsbwxKU,The Key That Opened My Childhood Room,"Aug 8, 2026",36,0
2025-10-06,csqoVsbwxKU,The Key That Opened My Childhood Room,"Aug 8, 2026",36,0
2025-10-07,csqoVsbwxKU,The Key That Opened My Childhood Room,"Aug 8, 2026",36,0
2025-10-08,csqoVsbwxKU,The Key That Opened My Childhood Room,"Aug 8, 2026",36,0
2025-10-09,csqoVsbwxKU,The Key That Opened My Childhood Room,"Aug 8, 2026",36,0
2025-10-10,csqoVsbwxKU,The Key That Opened My Childhood Room,"Aug 8, 2026",36,0
2025-10-11,csqoVsbwxKU,The Key That Opened My Childhood Room,"Aug 8, 2026",36,0
2025-10-12,csqoVsbwxKU,The Key That Opened My Childhood Room,"Aug 8, 2026",36,0
2025-10-13,csqoVsbwxKU,The Key That Opened My Childhood Room,"Aug 8, 2026",36,0
2025-10-14,csqoVsbwxKU,The Key That Opened My Childhood Room,"Aug 8, 2026",36,0
2025-10-15,csqoVsbwxKU,The Key That Opened My Childhood Room,"Aug 8, 2026",36,0
2025-10-16,csqoVsbwxKU,The Key That Opened My Childhood Room,"Aug 8, 2026",36,0
2025-10-17,csqoVsbwxKU,The Key That Opened My Childhood Room,"Aug 8, 2026",36,0
2025-10-18,csqoVsbwxKU,The Key That Opened My Childhood Room,"Aug 8, 2026",36,0
2025-10-19,csqoVsbwxKU,The Key That Opened My Childhood Room,"Aug 8, 2026",36,0
2025-10-20,csqoVsbwxKU,The Key That Opened My Childhood Room,"Aug 8, 2026",36,0
2025-10-21,csqoVsbwxKU,The Key That Opened My Childhood Room,"Aug 8, 2026",36,0
2025-10-22,csqoVsbwxKU,The Key That Opened My Childhood Room,"Aug 8, 2026",36,0
2025-10-23,csqoVsbwxKU,The Key That Opened My Childhood Room,"Aug 8, 2026",36,0
2025-10-24,csqoVsbwxKU,The Key That Opened My Childhood Room,"Aug 8, 2026",36,0
2025-10-25,csqoVsbwxKU,The Key That Opened My Childhood Room,"Aug 8, 2026",36,0
2025-10-26,csqoVsbwxKU,The Key That Opened My Childhood Room,"Aug 8, 2026",36,0
2025-10-27,csqoVsbwxKU,The Key That Opened My Childhood Room,"Aug 8, 2026",36,0
2025-10-28,csqoVsbwxKU,The Key That Opened My Childhood Room,"Aug 8, 2026",36,0
2025-10-29,csqoVsbwxKU,The Key That Opened My Childhood Room,"Aug 8, 2026",36,0
2025-10-30,csqoVsbwxKU,The Key That Opened My Childhood Room,"Aug 8, 2026",36,0
2025-10-31,csqoVsbwxKU,The Key That Opened My Childhood Room,"Aug 8, 2026",36,0
2025-11-01,csqoVsbwxKU,The Key That Opened My Childhood Room,"Aug 8, 2026",36,0
2025-11-02,csqoVsbwxKU,The Key That Opened My Childhood Room,"Aug 8, 2026",36,0
2025-11-03,csqoVsbwxKU,The Key That Opened My Childhood Room,"Aug 8, 2026",36,0
2025-11-04,csqoVsbwxKU,The Key That Opened My Childhood Room,"Aug 8, 2026",36,0
2025-11-05,csqoVsbwxKU,The Key That Opened My Childhood Room,"Aug 8, 2026",36,0
2025-11-06,csqoVsbwxKU,The Key That Opened My Childhood Room,"Aug 8, 2026",36,0
2025-11-07,csqoVsbwxKU,The Key That Opened My Childhood Room,"Aug 8, 2026",36,0
2025-11-08,csqoVsbwxKU,The Key That Opened My Childhood Room,"Aug 8, 2026",36,0
2025-11-09,csqoVsbwxKU,The Key That Opened My Childhood Room,"Aug 8, 2026",36,0
2025-11-10,csqoVsbwxKU,The Key That Opened My Childhood Room,"Aug 8, 2026",36,0
2025-11-11,csqoVsbwxKU,The Key That Opened My Childhood Room,"Aug 8, 2026",36,0
2025-11-12,csqoVsbwxKU,The Key That Opened My Childhood Room,"Aug 8, 2026",36,0
2025-11-13,csqoVsbwxKU,The Key That Opened My Childhood Room,"Aug 8, 2026",36,0
2025-11-14,csqoVsbwxKU,The Key That Opened My Childhood Room,"Aug 8, 2026",36,0
2025-11-15,csqoVsbwxKU,The Key That Opened My Childhood Room,"Aug 8, 2026",36,0
2025-11-16,csqoVsbwxKU,The Key That Opened My Childhood Room,"Aug 8, 2026",36,0
2025-11-17,csqoVsbwxKU,The Key That Opened My Childhood Room,"Aug 8, 2026",36,0
2025-11-18,csqoVsbwxKU,The Key That Opened My Childhood Room,"Aug 8, 2026",36,0
2025-11-19,csqoVsbwxKU,The Key That Opened My Childhood Room,"Aug 8, 2026",36,0
2025-11-20,csqoVsbwxKU,The Key That Opened My Childhood Room,"Aug 8, 2026",36,0
2025-11-21,csqoVsbwxKU,The Key That Opened My Childhood Room,"Aug 8, 2026",36,0
2025-11-22,csqoVsbwxKU,The Key That Opened My Childhood Room,"Aug 8, 2026",36,0
2025-11-23,csqoVsbwxKU,The Key That Opened My Childhood Room,"Aug 8, 2026",36,0
2025-11-24,csqoVsbwxKU,The Key That Opened My Childhood Room,"Aug 8, 2026",36,0
2025-11-25,csqoVsbwxKU,The Key That Opened My Childhood Room,"Aug 8, 2026",36,0
2025-11-26,csqoVsbwxKU,The Key That Opened My Childhood Room,"Aug 8, 2026",36,0
2025-11-27,csqoVsbwxKU,The Key That Opened My Childhood Room,"Aug 8, 2026",36,0
2025-11-28,csqoVsbwxKU,The Key That Opened My Childhood Room,"Aug 8, 2026",36,0
2025-11-29,csqoVsbwxKU,The Key That Opened My Childhood Room,"Aug 8, 2026",36,0
2025-11-30,csqoVsbwxKU,The Key That Opened My Childhood Room,"Aug 8, 2026",36,0
2025-12-01,csqoVsbwxKU,The Key That Opened My Childhood Room,"Aug 8, 2026",36,0
2025-12-02,csqoVsbwxKU,The Key That Opened My Childhood Room,"Aug 8, 2026",36,0
2025-12-03,csqoVsbwxKU,The Key That Opened My Childhood Room,"Aug 8, 2026",36,0
2025-12-04,csqoVsbwxKU,The Key That Opened My Childhood Room,"Aug 8, 2026",36,0
2025-12-05,csqoVsbwxKU,The Key That Opened My Childhood Room,"Aug 8, 2026",36,0
2025-12-06,csqoVsbwxKU,The Key That Opened My Childhood Room,"Aug 8, 2026",36,0
2025-12-07,csqoVsbwxKU,The Key That Opened My Childhood Room,"Aug 8, 2026",36,0
2025-12-08,csqoVsbwxKU,The Key That Opened My Childhood Room,"Aug 8, 2026",36,0
2025-12-09,csqoVsbwxKU,The Key That Opened My Childhood Room,"Aug 8, 2026",36,0
2025-12-10,csqoVsbwxKU,The Key That Opened My Childhood Room,"Aug 8, 2026",36,0
2025-12-11,csqoVsbwxKU,The Key That Opened My Childhood Room,"Aug 8, 2026",36,0
2025-12-12,csqoVsbwxKU,The Key That Opened My Childhood Room,"Aug 8, 2026",36,0
2025-12-13,csqoVsbwxKU,The Key That Opened My Childhood Room,"Aug 8, 2026",36,0
2025-12-14,csqoVsbwxKU,The Key That Opened My Childhood Room,"Aug 8, 2026",36,0
2025-12-15,csqoVsbwxKU,The Key That Opened My Childhood Room,"Aug 8, 2026",36,0
2025-12-16,csqoVsbwxKU,The Key That Opened My Childhood Room,"Aug 8, 2026",36,0
2025-12-17,csqoVsbwxKU,The Key That Opened My Childhood Room,"Aug 8, 2026",36,0
2025-12-18,csqoVsbwxKU,The Key That Opened My Childhood Room,"Aug 8, 2026",36,0
2025-12-19,csqoVsbwxKU,The Key That Opened My Childhood Room,"Aug 8, 2026",36,0
2025-12-20,csqoVsbwxKU,The Key That Opened My Childhood Room,"Aug 8, 2026",36,0
2025-12-21,csqoVsbwxKU,The Key That Opened My Childhood Room,"Aug 8, 2026",36,0
2025-12-22,csqoVsbwxKU,The Key That Opened My Childhood Room,"Aug 8, 2026",36,0
2025-12-23,csqoVsbwxKU,The Key That Opened My Childhood Room,"Aug 8, 2026",36,0
2025-12-24,csqoVsbwxKU,The Key That Opened My Childhood Room,"Aug 8, 2026",36,0
2025-12-25,csqoVsbwxKU,The Key That Opened My Childhood Room,"Aug 8, 2026",36,0
2025-12-26,csqoVsbwxKU,The Key That Opened My Childhood Room,"Aug 8, 2026",36,0
2025-12-27,csqoVsbwxKU,The Key That Opened My Childhood Room,"Aug 8, 2026",36,0
2025-12-28,csqoVsbwxKU,The Key That Opened My Childhood Room,"Aug 8, 2026",36,0
2025-12-29,csqoVsbwxKU,The Key That Opened My Childhood Room,"Aug 8, 2026",36,0
2025-12-30,csqoVsbwxKU,The Key That Opened My Childhood Room,"Aug 8, 2026",36,0
2025-12-31,csqoVsbwxKU,The Key That Opened My Childhood Room,"Aug 8, 2026",36,0
2026-01-01,csqoVsbwxKU,The Key That Opened My Childhood Room,"Aug 8, 2026",36,0
2026-01-02,csqoVsbwxKU,The Key That Opened My Childhood Room,"Aug 8, 2026",36,0
2026-01-03,csqoVsbwxKU,The Key That Opened My Childhood Room,"Aug 8, 2026",36,0
2026-01-04,csqoVsbwxKU,The Key That Opened My Childhood Room,"Aug 8, 2026",36,0
2026-01-05,csqoVsbwxKU,The Key That Opened My Childhood Room,"Aug 8, 2026",36,0
2026-01-06,csqoVsbwxKU,The Key That Opened My Childhood Room,"Aug 8, 2026",36,0
2026-01-07,csqoVsbwxKU,The Key That Opened My Childhood Room,"Aug 8, 2026",36,0
2026-01-08,csqoVsbwxKU,The Key That Opened My Childhood Room,"Aug 8, 2026",36,0
2026-01-09,csqoVsbwxKU,The Key That Opened My Childhood Room,"Aug 8, 2026",36,0
2026-01-10,csqoVsbwxKU,The Key That Opened My Childhood Room,"Aug 8, 2026",36,0
2026-01-11,csqoVsbwxKU,The Key That Opened My Childhood Room,"Aug 8, 2026",36,0
2026-01-12,csqoVsbwxKU,The Key That Opened My Childhood Room,"Aug 8, 2026",36,0
2026-01-13,csqoVsbwxKU,The Key That Opened My Childhood Room,"Aug 8, 2026",36,0
2026-01-14,csqoVsbwxKU,The Key That Opened My Childhood Room,"Aug 8, 2026",36,0
2026-01-15,csqoVsbwxKU,The Key That Opened My Childhood Room,"Aug 8, 2026",36,0
2026-01-16,csqoVsbwxKU,The Key That Opened My Childhood Room,"Aug 8, 2026",36,0
2026-01-17,csqoVsbwxKU,The Key That Opened My Childhood Room,"Aug 8, 2026",36,0
2026-01-18,csqoVsbwxKU,The Key That Opened My Childhood Room,"Aug 8, 2026",36,0
2026-01-19,csqoVsbwxKU,The Key That Opened My Childhood Room,"Aug 8, 2026",36,0
2026-01-20,csqoVsbwxKU,The Key That Opened My Childhood Room,"Aug 8, 2026",36,0
2026-01-21,csqoVsbwxKU,The Key That Opened My Childhood Room,"Aug 8, 2026",36,0
2026-01-22,csqoVsbwxKU,The Key That Opened My Childhood Room,"Aug 8, 2026",36,0
2026-01-23,csqoVsbwxKU,The Key That Opened My Childhood Room,"Aug 8, 2026",36,0
2026-01-24,csqoVsbwxKU,The Key That Opened My Childhood Room,"Aug 8, 2026",36,0
2026-01-25,csqoVsbwxKU,The Key That Opened My Childhood Room,"Aug 8, 2026",36,0
2026-01-26,csqoVsbwxKU,The Key That Opened My Childhood Room,"Aug 8, 2026",36,0
2026-01-27,csqoVsbwxKU,The Key That Opened My Childhood Room,"Aug 8, 2026",36,0
2026-01-28,csqoVsbwxKU,The Key That Opened My Childhood Room,"Aug 8, 2026",36,0
2026-01-29,csqoVsbwxKU,The Key That Opened My Childhood Room,"Aug 8, 2026",36,0
2026-01-30,csqoVsbwxKU,The Key That Opened My Childhood Room,"Aug 8, 2026",36,0
2026-01-31,csqoVsbwxKU,The Key That Opened My Childhood Room,"Aug 8, 2026",36,0
2026-02-01,csqoVsbwxKU,The Key That Opened My Childhood Room,"Aug 8, 2026",36,0
2026-02-02,csqoVsbwxKU,The Key That Opened My Childhood Room,"Aug 8, 2026",36,0
2026-02-03,csqoVsbwxKU,The Key That Opened My Childhood Room,"Aug 8, 2026",36,0
2026-02-04,csqoVsbwxKU,The Key That Opened My Childhood Room,"Aug 8, 2026",36,0
2026-02-05,csqoVsbwxKU,The Key That Opened My Childhood Room,"Aug 8, 2026",36,0
2026-02-06,csqoVsbwxKU,The Key That Opened My Childhood Room,"Aug 8, 2026",36,0
2026-02-07,csqoVsbwxKU,The Key That Opened My Childhood Room,"Aug 8, 2026",36,0
2026-02-08,csqoVsbwxKU,The Key That Opened My Childhood Room,"Aug 8, 2026",36,0
2026-02-09,csqoVsbwxKU,The Key That Opened My Childhood Room,"Aug 8, 2026",36,0
2026-02-10,csqoVsbwxKU,The Key That Opened My Childhood Room,"Aug 8, 2026",36,0
2026-02-11,csqoVsbwxKU,The Key That Opened My Childhood Room,"Aug 8, 2026",36,0
2026-02-12,csqoVsbwxKU,The Key That Opened My Childhood Room,"Aug 8, 2026",36,0
2026-02-13,csqoVsbwxKU,The Key That Opened My Childhood Room,"Aug 8, 2026",36,0
2026-02-14,csqoVsbwxKU,The Key That Opened My Childhood Room,"Aug 8, 2026",36,0
2026-02-15,csqoVsbwxKU,The Key That Opened My Childhood Room,"Aug 8, 2026",36,0
2026-02-16,csqoVsbwxKU,The Key That Opened My Childhood Room,"Aug 8, 2026",36,0
2026-02-17,csqoVsbwxKU,The Key That Opened My Childhood Room,"Aug 8, 2026",36,0
2026-02-18,csqoVsbwxKU,The Key That Opened My Childhood Room,"Aug 8, 2026",36,0
2026-02-19,csqoVsbwxKU,The Key That Opened My Childhood Room,"Aug 8, 2026",36,0
2026-02-20,csqoVsbwxKU,The Key That Opened My Childhood Room,"Aug 8, 2026",36,0
2026-02-21,csqoVsbwxKU,The Key That Opened My Childhood Room,"Aug 8, 2026",36,0
2026-02-22,csqoVsbwxKU,The Key That Opened My Childhood Room,"Aug 8, 2026",36,0
2026-02-23,csqoVsbwxKU,The Key That Opened My Childhood Room,"Aug 8, 2026",36,0
2026-02-24,csqoVsbwxKU,The Key That Opened My Childhood Room,"Aug 8, 2026",36,0
2026-02-25,csqoVsbwxKU,The Key That Opened My Childhood Room,"Aug 8, 2026",36,0
2026-02-26,csqoVsbwxKU,The Key That Opened My Childhood Room,"Aug 8, 2026",36,0
2026-02-27,csqoVsbwxKU,The Key That Opened My Childhood Room,"Aug 8, 2026",36,0
2026-02-28,csqoVsbwxKU,The Key That Opened My Childhood Room,"Aug 8, 2026",36,0
2026-03-01,csqoVsbwxKU,The Key That Opened My Childhood Room,"Aug 8, 2026",36,0
2026-03-02,csqoVsbwxKU,The Key That Opened My Childhood Room,"Aug 8, 2026",36,0
2026-03-03,csqoVsbwxKU,The Key That Opened My Childhood Room,"Aug 8, 2026",36,0
2026-03-04,csqoVsbwxKU,The Key That Opened My Childhood Room,"Aug 8, 2026",36,0
2026-03-05,csqoVsbwxKU,The Key That Opened My Childhood Room,"Aug 8, 2026",36,0
2026-03-06,csqoVsbwxKU,The Key That Opened My Childhood Room,"Aug 8, 2026",36,0
2026-03-07,csqoVsbwxKU,The Key That Opened My Childhood Room,"Aug 8, 2026",36,0
2026-03-08,csqoVsbwxKU,The Key That Opened My Childhood Room,"Aug 8, 2026",36,0
2026-03-09,csqoVsbwxKU,The Key That Opened My Childhood Room,"Aug 8, 2026",36,0
2026-03-10,csqoVsbwxKU,The Key That Opened My Childhood Room,"Aug 8, 2026",36,0
2026-03-11,csqoVsbwxKU,The Key That Opened My Childhood Room,"Aug 8, 2026",36,0
2026-03-12,csqoVsbwxKU,The Key That Opened My Childhood Room,"Aug 8, 2026",36,0
2026-03-13,csqoVsbwxKU,The Key That Opened My Childhood Room,"Aug 8, 2026",36,0
2026-03-14,csqoVsbwxKU,The Key That Opened My Childhood Room,"Aug 8, 2026",36,0
2026-03-15,csqoVsbwxKU,The Key That Opened My Childhood Room,"Aug 8, 2026",36,0
2026-03-16,csqoVsbwxKU,The Key That Opened My Childhood Room,"Aug 8, 2026",36,0
2026-03-17,csqoVsbwxKU,The Key That Opened My Childhood Room,"Aug 8, 2026",36,0
2026-03-18,csqoVsbwxKU,The Key That Opened My Childhood Room,"Aug 8, 2026",36,0
2026-03-19,csqoVsbwxKU,The Key That Opened My Childhood Room,"Aug 8, 2026",36,0
2026-03-20,csqoVsbwxKU,The Key That Opened My Childhood Room,"Aug 8, 2026",36,0
2026-03-21,csqoVsbwxKU,The Key That Opened My Childhood Room,"Aug 8, 2026",36,0
2026-03-22,csqoVsbwxKU,The Key That Opened My Childhood Room,"Aug 8, 2026",36,0
2026-03-23,csqoVsbwxKU,The Key That Opened My Childhood Room,"Aug 8, 2026",36,0
2026-03-24,csqoVsbwxKU,The Key That Opened My Childhood Room,"Aug 8, 2026",36,0
2026-03-25,csqoVsbwxKU,The Key That Opened My Childhood Room,"Aug 8, 2026",36,0
2026-03-26,csqoVsbwxKU,The Key That Opened My Childhood Room,"Aug 8, 2026",36,0
2026-03-27,csqoVsbwxKU,The Key That Opened My Childhood Room,"Aug 8, 2026",36,0
2026-03-28,csqoVsbwxKU,The Key That Opened My Childhood Room,"Aug 8, 2026",36,0
2026-03-29,csqoVsbwxKU,The Key That Opened My Childhood Room,"Aug 8, 2026",36,0
2026-03-30,csqoVsbwxKU,The Key That Opened My Childhood Room,"Aug 8, 2026",36,0
2026-03-31,csqoVsbwxKU,The Key That Opened My Childhood Room,"Aug 8, 2026",36,0
2026-04-01,csqoVsbwxKU,The Key That Opened My Childhood Room,"Aug 8, 2026",36,0
2026-04-02,csqoVsbwxKU,The Key That Opened My Childhood Room,"Aug 8, 2026",36,0
2026-04-03,csqoVsbwxKU,The Key That Opened My Childhood Room,"Aug 8, 2026",36,0
2026-04-04,csqoVsbwxKU,The Key That Opened My Childhood Room,"Aug 8, 2026",36,0
2026-04-05,csqoVsbwxKU,The Key That Opened My Childhood Room,"Aug 8, 2026",36,0
2026-04-06,csqoVsbwxKU,The Key That Opened My Childhood Room,"Aug 8, 2026",36,0
2026-04-07,csqoVsbwxKU,The Key That Opened My Childhood Room,"Aug 8, 2026",36,0
2026-04-08,csqoVsbwxKU,The Key That Opened My Childhood Room,"Aug 8, 2026",36,0
2026-04-09,csqoVsbwxKU,The Key That Opened My Childhood Room,"Aug 8, 2026",36,0
2026-04-10,csqoVsbwxKU,The Key That Opened My Childhood Room,"Aug 8, 2026",36,0
2026-04-11,csqoVsbwxKU,The Key That Opened My Childhood Room,"Aug 8, 2026",36,0
2026-04-12,csqoVsbwxKU,The Key That Opened My Childhood Room,"Aug 8, 2026",36,0
2026-04-13,csqoVsbwxKU,The Key That Opened My Childhood Room,"Aug 8, 2026",36,0
2026-04-14,csqoVsbwxKU,The Key That Opened My Childhood Room,"Aug 8, 2026",36,0
2026-04-15,csqoVsbwxKU,The Key That Opened My Childhood Room,"Aug 8, 2026",36,0
2026-04-16,csqoVsbwxKU,The Key That Opened My Childhood Room,"Aug 8, 2026",36,0
2026-04-17,csqoVsbwxKU,The Key That Opened My Childhood Room,"Aug 8, 2026",36,0
2026-04-18,csqoVsbwxKU,The Key That Opened My Childhood Room,"Aug 8, 2026",36,0
2026-04-19,csqoVsbwxKU,The Key That Opened My Childhood Room,"Aug 8, 2026",36,0
2026-04-20,csqoVsbwxKU,The Key That Opened My Childhood Room,"Aug 8, 2026",36,0
2026-04-21,csqoVsbwxKU,The Key That Opened My Childhood Room,"Aug 8, 2026",36,0
2026-04-22,csqoVsbwxKU,The Key That Opened My Childhood Room,"Aug 8, 2026",36,0
2026-04-23,csqoVsbwxKU,The Key That Opened My Childhood Room,"Aug 8, 2026",36,0
2026-04-24,csqoVsbwxKU,The Key That Opened My Childhood Room,"Aug 8, 2026",36,0
2026-04-25,csqoVsbwxKU,The Key That Opened My Childhood Room,"Aug 8, 2026",36,0
2026-04-26,csqoVsbwxKU,The Key That Opened My Childhood Room,"Aug 8, 2026",36,0
2026-04-27,csqoVsbwxKU,The Key That Opened My Childhood Room,"Aug 8, 2026",36,0
2026-04-28,csqoVsbwxKU,The Key That Opened My Childhood Room,"Aug 8, 2026",36,0
2026-04-29,csqoVsbwxKU,The Key That Opened My Childhood Room,"Aug 8, 2026",36,0
2026-04-30,csqoVsbwxKU,The Key That Opened My Childhood Room,"Aug 8, 2026",36,0
2026-05-01,csqoVsbwxKU,The Key That Opened My Childhood Room,"Aug 8, 2026",36,0
2026-05-02,csqoVsbwxKU,The Key That Opened My Childhood Room,"Aug 8, 2026",36,0
2026-05-03,csqoVsbwxKU,The Key That Opened My Childhood Room,"Aug 8, 2026",36,0
2026-05-04,csqoVsbwxKU,The Key That Opened My Childhood Room,"Aug 8, 2026",36,0
2026-05-05,csqoVsbwxKU,The Key That Opened My Childhood Room,"Aug 8, 2026",36,0
2026-05-06,csqoVsbwxKU,The Key That Opened My Childhood Room,"Aug 8, 2026",36,0
2026-05-07,csqoVsbwxKU,The Key That Opened My Childhood Room,"Aug 8, 2026",36,0
2026-05-08,csqoVsbwxKU,The Key That Opened My Childhood Room,"Aug 8, 2026",36,0
2026-05-09,csqoVsbwxKU,The Key That Opened My Childhood Room,"Aug 8, 2026",36,0
2026-05-10,csqoVsbwxKU,The Key That Opened My Childhood Room,"Aug 8, 2026",36,0
2026-05-11,csqoVsbwxKU,The Key That Opened My Childhood Room,"Aug 8, 2026",36,0
2026-05-12,csqoVsbwxKU,The Key That Opened My Childhood Room,"Aug 8, 2026",36,0
2026-05-13,csqoVsbwxKU,The Key That Opened My Childhood Room,"Aug 8, 2026",36,0
2026-05-14,csqoVsbwxKU,The Key That Opened My Childhood Room,"Aug 8, 2026",36,0
2026-05-15,csqoVsbwxKU,The Key That Opened My Childhood Room,"Aug 8, 2026",36,0
2026-05-16,csqoVsbwxKU,The Key That Opened My Childhood Room,"Aug 8, 2026",36,0
2026-05-17,csqoVsbwxKU,The Key That Opened My Childhood Room,"Aug 8, 2026",36,0
2026-05-18,csqoVsbwxKU,The Key That Opened My Childhood Room,"Aug 8, 2026",36,0
2026-05-19,csqoVsbwxKU,The Key That Opened My Childhood Room,"Aug 8, 2026",36,0
2026-05-20,csqoVsbwxKU,The Key That Opened My Childhood Room,"Aug 8, 2026",36,0
2026-05-21,csqoVsbwxKU,The Key That Opened My Childhood Room,"Aug 8, 2026",36,0
2026-05-22,csqoVsbwxKU,The Key That Opened My Childhood Room,"Aug 8, 2026",36,0
2026-05-23,csqoVsbwxKU,The Key That Opened My Childhood Room,"Aug 8, 2026",36,0
2026-05-24,csqoVsbwxKU,The Key That Opened My Childhood Room,"Aug 8, 2026",36,0
2026-05-25,csqoVsbwxKU,The Key That Opened My Childhood Room,"Aug 8, 2026",36,0
2026-05-26,csqoVsbwxKU,The Key That Opened My Childhood Room,"Aug 8, 2026",36,0
2026-05-27,csqoVsbwxKU,The Key That Opened My Childhood Room,"Aug 8, 2026",36,0
2026-05-28,csqoVsbwxKU,The Key That Opened My Childhood Room,"Aug 8, 2026",36,0
2026-05-29,csqoVsbwxKU,The Key That Opened My Childhood Room,"Aug 8, 2026",36,0
2026-05-30,csqoVsbwxKU,The Key That Opened My Childhood Room,"Aug 8, 2026",36,0
2026-05-31,csqoVsbwxKU,The Key That Opened My Childhood Room,"Aug 8, 2026",36,0
2026-06-01,csqoVsbwxKU,The Key That Opened My Childhood Room,"Aug 8, 2026",36,0
2026-06-02,csqoVsbwxKU,The Key That Opened My Childhood Room,"Aug 8, 2026",36,0
2026-06-03,csqoVsbwxKU,The Key That Opened My Childhood Room,"Aug 8, 2026",36,0
2026-06-04,csqoVsbwxKU,The Key That Opened My Childhood Room,"Aug 8, 2026",36,0
2026-06-05,csqoVsbwxKU,The Key That Opened My Childhood Room,"Aug 8, 2026",36,0
2026-06-06,csqoVsbwxKU,The Key That Opened My Childhood Room,"Aug 8, 2026",36,0
2026-06-07,csqoVsbwxKU,The Key That Opened My Childhood Room,"Aug 8, 2026",36,0
2026-06-08,csqoVsbwxKU,The Key That Opened My Childhood Room,"Aug 8, 2026",36,0
2026-06-09,csqoVsbwxKU,The Key That Opened My Childhood Room,"Aug 8, 2026",36,0
2026-06-10,csqoVsbwxKU,The Key That Opened My Childhood Room,"Aug 8, 2026",36,0
2026-06-11,csqoVsbwxKU,The Key That Opened My Childhood Room,"Aug 8, 2026",36,0
2026-06-12,csqoVsbwxKU,The Key That Opened My Childhood Room,"Aug 8, 2026",36,0
2026-06-13,csqoVsbwxKU,The Key That Opened My Childhood Room,"Aug 8, 2026",36,0
2026-06-14,csqoVsbwxKU,The Key That Opened My Childhood Room,"Aug 8, 2026",36,0
2026-06-15,csqoVsbwxKU,The Key That Opened My Childhood Room,"Aug 8, 2026",36,0
2026-06-16,csqoVsbwxKU,The Key That Opened My Childhood Room,"Aug 8, 2026",36,0
2026-06-17,csqoVsbwxKU,The Key That Opened My Childhood Room,"Aug 8, 2026",36,0
2026-06-18,csqoVsbwxKU,The Key That Opened My Childhood Room,"Aug 8, 2026",36,0
2026-06-19,csqoVsbwxKU,The Key That Opened My Childhood Room,"Aug 8, 2026",36,0
2026-06-20,csqoVsbwxKU,The Key That Opened My Childhood Room,"Aug 8, 2026",36,0
2026-06-21,csqoVsbwxKU,The Key That Opened My Childhood Room,"Aug 8, 2026",36,0
2026-06-22,csqoVsbwxKU,The Key That Opened My Childhood Room,"Aug 8, 2026",36,0
2026-06-23,csqoVsbwxKU,The Key That Opened My Childhood Room,"Aug 8, 2026",36,0
2026-06-24,csqoVsbwxKU,The Key That Opened My Childhood Room,"Aug 8, 2026",36,0
2026-06-25,csqoVsbwxKU,The Key That Opened My Childhood Room,"Aug 8, 2026",36,0
2026-06-26,csqoVsbwxKU,The Key That Opened My Childhood Room,"Aug 8, 2026",36,0
2026-06-27,csqoVsbwxKU,The Key That Opened My Childhood Room,"Aug 8, 2026",36,0
2026-06-28,csqoVsbwxKU,The Key That Opened My Childhood Room,"Aug 8, 2026",36,0
2026-06-29,csqoVsbwxKU,The Key That Opened My Childhood Room,"Aug 8, 2026",36,0
2026-06-30,csqoVsbwxKU,The Key That Opened My Childhood Room,"Aug 8, 2026",36,0
2026-07-01,csqoVsbwxKU,The Key That Opened My Childhood Room,"Aug 8, 2026",36,0
2026-07-02,csqoVsbwxKU,The Key That Opened My Childhood Room,"Aug 8, 2026",36,0
2026-07-03,csqoVsbwxKU,The Key That Opened My Childhood Room,"Aug 8, 2026",36,0
2026-07-04,csqoVsbwxKU,The Key That Opened My Childhood Room,"Aug 8, 2026",36,0
2026-07-05,csqoVsbwxKU,The Key That Opened My Childhood Room,"Aug 8, 2026",36,0
2026-07-06,csqoVsbwxKU,The Key That Opened My Childhood Room,"Aug 8, 2026",36,0
2026-07-07,csqoVsbwxKU,The Key That Opened My Childhood Room,"Aug 8, 2026",36,0
2026-07-08,csqoVsbwxKU,The Key That Opened My Childhood Room,"Aug 8, 2026",36,0
2026-07-09,csqoVsbwxKU,The Key That Opened My Childhood Room,"Aug 8, 2026",36,0
2026-07-10,csqoVsbwxKU,The Key That Opened My Childhood Room,"Aug 8, 2026",36,0
2026-07-11,csqoVsbwxKU,The Key That Opened My Childhood Room,"Aug 8, 2026",36,0
2026-07-12,csqoVsbwxKU,The Key That Opened My Childhood Room,"Aug 8, 2026",36,0
2026-07-13,csqoVsbwxKU,The Key That Opened My Childhood Room,"Aug 8, 2026",36,0
2026-07-14,csqoVsbwxKU,The Key That Opened My Childhood Room,"Aug 8, 2026",36,0
2026-07-15,csqoVsbwxKU,The Key That Opened My Childhood Room,"Aug 8, 2026",36,0
2026-07-16,csqoVsbwxKU,The Key That Opened My Childhood Room,"Aug 8, 2026",36,0
2026-07-17,csqoVsbwxKU,The Key That Opened My Childhood Room,"Aug 8, 2026",36,0
2026-07-18,csqoVsbwxKU,The Key That Opened My Childhood Room,"Aug 8, 2026",36,0
2026-07-19,csqoVsbwxKU,The Key That Opened My Childhood Room,"Aug 8, 2026",36,0
2026-07-20,csqoVsbwxKU,The Key That Opened My Childhood Room,"Aug 8, 2026",36,0
2026-07-21,csqoVsbwxKU,The Key That Opened My Childhood Room,"Aug 8, 2026",36,0
2026-07-22,csqoVsbwxKU,The Key That Opened My Childhood Room,"Aug 8, 2026",36,0
2026-07-23,csqoVsbwxKU,The Key That Opened My Childhood Room,"Aug 8, 2026",36,0
2026-07-24,csqoVsbwxKU,The Key That Opened My Childhood Room,"Aug 8, 2026",36,0
2026-07-25,csqoVsbwxKU,The Key That Opened My Childhood Room,"Aug 8, 2026",36,0
2026-07-26,csqoVsbwxKU,The Key That Opened My Childhood Room,"Aug 8, 2026",36,0
2026-07-27,csqoVsbwxKU,The Key That Opened My Childhood Room,"Aug 8, 2026",36,0
2026-07-28,csqoVsbwxKU,The Key That Opened My Childhood Room,"Aug 8, 2026",36,0
2026-07-29,csqoVsbwxKU,The Key That Opened My Childhood Room,"Aug 8, 2026",36,0
2026-07-30,csqoVsbwxKU,The Key That Opened My Childhood Room,"Aug 8, 2026",36,0
2026-07-31,csqoVsbwxKU,The Key That Opened My Childhood Room,"Aug 8, 2026",36,0
2026-08-01,csqoVsbwxKU,The Key That Opened My Childhood Room,"Aug 8, 2026",36,0
2026-08-02,csqoVsbwxKU,The Key That Opened My Childhood Room,"Aug 8, 2026",36,0
2026-08-03,csqoVsbwxKU,The Key That Opened My Childhood Room,"Aug 8, 2026",36,0
2026-08-04,csqoVsbwxKU,The Key That Opened My Childhood Room,"Aug 8, 2026",36,0
2026-08-05,csqoVsbwxKU,The Key That Opened My Childhood Room,"Aug 8, 2026",36,0
2026-08-06,csqoVsbwxKU,The Key That Opened My Childhood Room,"Aug 8, 2026",36,0
2026-08-07,csqoVsbwxKU,The Key That Opened My Childhood Room,"Aug 8, 2026",36,0
2026-08-08,csqoVsbwxKU,The Key That Opened My Childhood Room,"Aug 8, 2026",36,149
2026-08-09,csqoVsbwxKU,The Key That Opened My Childhood Room,"Aug 8, 2026",36,39
2026-08-10,csqoVsbwxKU,The Key That Opened My Childhood Room,"Aug 8, 2026",36,0
2026-08-11,csqoVsbwxKU,The Key That Opened My Childhood Room,"Aug 8, 2026",36,0
2026-08-12,csqoVsbwxKU,The Key That Opened My Childhood Room,"Aug 8, 2026",36,0
2026-08-13,csqoVsbwxKU,The Key That Opened My Childhood Room,"Aug 8, 2026",36,0
2026-08-14,csqoVsbwxKU,The Key That Opened My Childhood Room,"Aug 8, 2026",36,0
2026-08-15,csqoVsbwxKU,The Key That Opened My Childhood Room,"Aug 8, 2026",36,0
2026-08-16,csqoVsbwxKU,The Key That Opened My Childhood Room,"Aug 8, 2026",36,0
2026-08-17,csqoVsbwxKU,The Key That Opened My Childhood Room,"Aug 8, 2026",36,0
2026-08-18,csqoVsbwxKU,The Key That Opened My Childhood Room,"Aug 8, 2026",36,0
2026-08-19,csqoVsbwxKU,The Key That Opened My Childhood Room,"Aug 8, 2026",36,0
2026-08-20,csqoVsbwxKU,The Key That Opened My Childhood Room,"Aug 8, 2026",36,0
2026-08-21,csqoVsbwxKU,The Key That Opened My Childhood Room,"Aug 8, 2026",36,0
2026-08-22,csqoVsbwxKU,The Key That Opened My Childhood Room,"Aug 8, 2026",36,0
2026-08-23,csqoVsbwxKU,The Key That Opened My Childhood Room,"Aug 8, 2026",36,0
2026-08-24,csqoVsbwxKU,The Key That Opened My Childhood Room,"Aug 8, 2026",36,0
2026-08-25,csqoVsbwxKU,The Key That Opened My Childhood Room,"Aug 8, 2026",36,0
2026-08-26,csqoVsbwxKU,The Key That Opened My Childhood Room,"Aug 8, 2026",36,0
2026-08-27,csqoVsbwxKU,The Key That Opened My Childhood Room,"Aug 8, 2026",36,0
2026-08-28,csqoVsbwxKU,The Key That Opened My Childhood Room,"Aug 8, 2026",36,0
2026-08-29,csqoVsbwxKU,The Key That Opened My Childhood Room,"Aug 8, 2026",36,0
2026-08-30,csqoVsbwxKU,The Key That Opened My Childhood Room,"Aug 8, 2026",36,0
2026-08-31,csqoVsbwxKU,The Key That Opened My Childhood Room,"Aug 8, 2026",36,0
2026-09-01,csqoVsbwxKU,The Key That Opened My Childhood Room,"Aug 8, 2026",36,0
2026-09-02,csqoVsbwxKU,The Key That Opened My Childhood Room,"Aug 8, 2026",36,0
2026-09-03,csqoVsbwxKU,The Key That Opened My Childhood Room,"Aug 8, 2026",36,0
2026-09-04,csqoVsbwxKU,The Key That Opened My Childhood Room,"Aug 8, 2026",36,0
2026-09-05,csqoVsbwxKU,The Key That Opened My Childhood Room,"Aug 8, 2026",36,0
2026-09-06,csqoVsbwxKU,The Key That Opened My Childhood Room,"Aug 8, 2026",36,0
2026-09-07,csqoVsbwxKU,The Key That Opened My Childhood Room,"Aug 8, 2026",36,0
2026-09-08,csqoVsbwxKU,The Key That Opened My Childhood Room,"Aug 8, 2026",36,0
2026-09-09,csqoVsbwxKU,The Key That Opened My Childhood Room,"Aug 8, 2026",36,0
2026-09-10,csqoVsbwxKU,The Key That Opened My Childhood Room,"Aug 8, 2026",36,0
2026-09-11,csqoVsbwxKU,The Key That Opened My Childhood Room,"Aug 8, 2026",36,0
2026-09-12,csqoVsbwxKU,The Key That Opened My Childhood Room,"Aug 8, 2026",36,0
2026-09-13,csqoVsbwxKU,The Key That Opened My Childhood Room,"Aug 8, 2026",36,0
2026-09-14,csqoVsbwxKU,The Key That Opened My Childhood Room,"Aug 8, 2026",36,0
2026-09-15,csqoVsbwxKU,The Key That Opened My Childhood Room,"Aug 8, 2026",36,0
2026-09-16,csqoVsbwxKU,The Key That Opened My Childhood Room,"Aug 8, 2026",36,0
2026-09-17,csqoVsbwxKU,The Key That Opened My Childhood Room,"Aug 8, 2026",36,0
2026-09-18,csqoVsbwxKU,The Key That Opened My Childhood Room,"Aug 8, 2026",36,0
2026-09-19,csqoVsbwxKU,The Key That Opened My Childhood Room,"Aug 8, 2026",36,0
2026-09-20,csqoVsbwxKU,The Key That Opened My Childhood Room,"Aug 8, 2026",36,0
